barheavy,,,,,,,,,,,,,,,,,
barcust,,,,,,,,,,,,,,,,,
barcust_akilo47,barcustAkilo47,,,,,,,,,,,,,,,,
barcust_asierra12,barcustAsierra12,,,,,,,,,,,,,,,,
barcust_beta,smBeta,,,,,,,,,,,,,,,,
barcust_cpapa,piCpapa,,,,,,,,,,,,,,,,
barcust_falpha,barlongFalpha,,,,,,,,,,,,,,,,
barcust_mike4,barcustMike4,barcustMike4v1,,,,,,,,,,,,,,,
barcust_papa90,barcustPapa90,,,,,,,,,,,,,,,,
barcust_uzulu,barshortUzulu,,,,,,,,,,,,,,,,
barcust2_mike4,barcust2Mike4,,,,,,,,,,,,,,,,
barheavy_shtgn,,,,,,,,,,,,,,,,,
barcust_romeo870,barcustRomeo870,,,barrelshortRomeo870,,,,,,,,,,,,,
barmid_oscar12,barmidOscar12,,,,,,,,,,,,,,,,
barheavy_silenced,,,,,,,,,,,,,,,,,
barcust2_mpapa5,barsilMpapa5,,,,,,,,,,,,,,,,
barsil_kilo433,barsilKilo433,,,,,,,,,,,,,,,,
barmid_mgolf34,barshortlmMgolf34,,,,,,,,,,,,,,,,
ventslide_papa320,ventslidePap320,,,,,,,,,,,,,,,,
barlight,DefaultSequence,,,,,,,,,,,,,,,,
barar_augolf,bararAugolf,,,smAugolfv1,,,bararAugolfv2,,,,,,,,,,
barlight_shtgn,DefaultSequence,,,,,,,,,,,,,,,,
barcust_charlie725,barcustCharlie725,,,,,,,,,,,,,,,,
barmid_dpapa12,barlongDpapa12,,,,,,,,,,,,,,,,
barlight_silenced,DefaultSequence,,,,,,,,,,,,,,,,
barsil_mcharlie,barsilMcharlie,,,,,,,,,,,,,,,,
barsil_mpapa5,barsilMpapa5,,,,,,,,,,,,,,,,
barlong_mgolf34,barlonglmMgolf34,,,,,,,,,,,,,,,,
barmid,DefaultSequence,,,,,,,,,,,,,,,,
barmid_alpha50,barmidAlpha50,,,,,,,,,,,,,,,,
barmid_augolf,bararAugolf,,,,,,,,,,,,,,,,
barmid_beta,barlongBeta,,,,,,,,,,,,,,,,
barmid_delta,snDelta,,,,,,,,,,,,,,,,
barmid_falima,barmidFalima,,,,,,,,,,,,,,,,
barmid_hdromeo,barmidHdromeo,barmidHdromeov1,,,,,,,,,,,,,,,
barmid_kilo121,barmidKilo121,barlongKilo121,barlongKilo121,,,,,,,,,,,,,,
barmid_kilo98,barmidKilo98,,,,,,,,,,,,,,,,
barmid_lima86,barmidLima86,,,,,,,,,,,,,,,,
barmid_mike14,barmidMike14,,,,,,,,,,,,,,,,
barmid_mike4,barmidMike4,,,,,barmidMike4v5,,,,,,,,,,,
barmid_mpapa7,barmidMpapa7,,,,,,,,,,,,,,,,
barmid_papa90,barmidPapa90,,,,,,,,,,,,,,,,
barmid_pkilo,barmidPkilo,,,,,,,,,,,,,,,,
barmid_sbeta,barlongSbeta,,,,,,,,,,,,,,,,
barmid_scharlie,barmidScharlie,,,,,,,,,,,,,,,,
barmid_uzulu,barmidUzulu,,,,,,,,,,,,,,,,
barmidpstl,DefaultSequence,,,,,,,,,,,,,,,,
barmid_decho,barmidDecho,barmidDechov1,,,,,,,,,,,,,,,
barmid_golf21,barmidGolf21,,,,,,,,,,,,,,,,
barmid_mike1911,barmidMike1911,,,,,,,barmidMike1911v1,barmidMike1911v1,,,,,,,,
barmid_papa320,piPapa320,,,,,,,,,,,,,,,,
barrail_mpapa5,barrailMpapa5,,,,barrailMpapa5v1,,,,,,,,,,,,
barlong,DefaultSequence,,,,,,,,,,,,,,,,
barlmg_akilo47,barrelLongAkilo47,,,,,,,,,,,,,,,,
barlmg_augolf,barlmgAugolf,,,,,,,,,,,,,,,,
barlong_asierra12,barlongAsierra12,barlongAsierra12v1,,,,,,,,,,,,,,,
barlong_beta,barlongBeta,,,,,,,,,,,,,,,,
barlong_falima,barlongFalima,barlongFalimav1,barlongFalimav2,,,,,,,,,,,,,,
barlong_falpha,barlongFalpha,,,,,,,,,,,,,,,,
barlong_kilo121,barlongKilo121,,,,,,,,,,,,,,,,
barlong_kilo433,barrelLongKilo433,,,,,,,,,,,,,,,,
barlong_kilo98,barlongKilo98,,,,,barlongKilo98v2,,,,,,,,,,,
barlong_lima86,barlongLima86,,,,,,,,,,,,,,,,
barlong_mcharlie,barlongMcharlie,,,,,,,,,,,,,,,,
barlong_mike14,barlongMike14,,barlongMike14v2,,,,,,,,,,,,,,
barlong_mike4,barrelLongMike4,,barcustMike4v2,barcustMike4v2,barcustMike4v2,barcustMike4v2,barcustMike4v2,,barcustMike4v2,,,,,,,,
barlong_mpapa5,barsilMpapa5,,,,,,,,,,,,,,,,
barlong_mpapa7,barlongMpapa7,,,,,,,,,,,,,,,,
barlong_papa90,barlongPapa90,smPapa90,,,,,,,,,,,,,,,
barlong_pkilo,barlongPkilo,,,,,,,,,,,,,,,,
barlong_sbeta,barlongSbeta,,,,,,,,,,,,,,,,
barlong_scharlie,barlongScharlie,,,,,,barlongScharliev2,,,,,,,,,,
barlong_shtgn,DefaultSequence,,,,,,,,,,,,,,,,
barlong_charlie725,shCharlie725,,,,,,,,,,,,,,,,
barlong_dpapa12,barlongDpapa12,,,,,,,,,,,,,,,,
barlong_oscar12,barlongOscar12,,,,,,,,,,,,,,,,
barlong_romeo870,barlongRomeo870,,,,,,,,,,,,,,,,
barlong_snpr,DefaultSequence,,,,,,,,,,,,,,,,
barlong_alpha50,barlongAlpha50,,,,,,,,,,,,,,,,
barlong_delta,snDelta,,,,,,,,,,,,,,,,
barlong_hdromeo,barlongHdromeo,,,,,,,,,,,,,,,,
barlong_uzulu,barlongUzulu,,barlongUzuluv2,,,,,,,,,,,,,,
barlongpstl,DefaultSequence,,,,,,,,,,,,,,,,
barlong_cpapa,piCpapaLong,piCpapaLongv1,,,,,,,,piCpapaLongv2,,,,,,,
barlong_decho,barlongDecho,,,,,,,,,,,,,,,,
barlong_golf21,piGolf21,,,,,,,,,,,,,,,,
barlong_mike1911,barlongMike1911,barlongMike1911v1,,,,,,,,,,,,,,,
barlong_papa320,barlongPapa320,,,,,,,,,,,,,,,,
barshort,barrelDefault,,,,,,,,,,,,,,,,
barshort_alpha50,barshortAlpha50,,,,,,,,,,,,,,,,
barshort_asierra12,barshortAsierra12,,,,,,,,,,,,,,,,
barshort_augolf,bararAugolf,barshortAugolfv1,,barshortAugolfv1,barshortAugolfv1,bararAugolfv1,barshortAugolfv1,barshortAugolfv1,,,,,,,,,
barshort_beta,barlongBeta,,,,,,,,,,,,,,,,
barshort_cpapa,piCpapa,,,barshortCpapav1,,,,,,,,,,,,,
barshort_delta,barshortDelta,,,,,,,,,,,,,,,,
barshort_falima,barshortFalima,,,,,,,,,,,,,,,,
barshort_falpha,barshortFalpha,,,,,,,,,,,,,,,,
barshort_hdromeo,barshortHdromeo,snHdromeov2,,,,,,,,,,,,,,,
barshort_kilo121,barshortKilo121,,,,,,,,,,,,,,,,
barshort_kilo433,barshortKilo433,,,,,,,,,,,,,,,,
barshort_kilo98,barshortKilo98,barshortKilo98v1,barshortKilo98v1,,,,,,,,,,,,,,
barshort_lima86,barshortLima86,,,,,,,,,,,,,,,,
barshort_mcharlie,barshortMcharlie,barshortMcharliev1,,,,,,,,,,,,,,,
barshort_mgolf34,barshortlmMgolf34,,,,,,,,,,,,,,,,
barshort_mike14,barshortMike14,,,,,,,,,,,,,,,,
barshort_mike4,barrelShortMike4,,,,,,,,,,,,,,,,
barshort_mpapa7,barshortMpapa7,,,,,,,,,,,,,,,,
barshort_papa90,smPapa90,,,,,,,,,,,,,,,,
barshort_pkilo,barshortPkilo,,,,,,,,,,,,,,,,
barshort_sbeta,barlongSbeta,,,,,,,,,,,,,,,,
barshort_scharlie,barshortScharlie,,,,,,,,,,,,,,,,
barshort_shtgn,barrelDefault,,,,,,,,,,,,,,,,
barshort_charlie725,barshortCharlie725,,,,,,,,,,,,,,,,
barshort_dpapa12,barlongDpapa12,,,,,,,,,,,,,,,,
barshort_oscar12,barshortOscar12,,,,,,,,,,,,,,,,
barshort_romeo870,barrelshortRomeo870,,,,barrelShortRomeo870v1,barrelShortRomeo870v1,,,,,,,,,,,
barshort_uzulu,barshortUzulu,,,,,,,,,,,,,,,,
barshortpstl,barrelDefault,,,,,,,,,,,,,,,,
barshort_decho,barshortDecho,,,,,,,,,,,,,,,,
barshort_golf21,piGolf21,,,,,,,,,,,,,,,,
barshort_mike1911,barshortMike1911,,,,barshortMike1911v1,,,,,,,,,,,,
barsmg_akilo47,barsmgAkilo47,,,,,,,,,barsmgAkilo47v1,,,,,,,
barsmg_falima,barsmgFalima,,,,,,,,,,,,,,,,
bipod,bipod,,,,,,,,,,,,,,,,
bipod_akilo47,bipodAkilo47,,,,,,,,,,,,,,,,
bipod_falima,bipodFalima,,,,,,,,,,,,,,,,
bipod_falpha,bipodFalpha,,,,,,,,,,,,,,,,
bipoddmr,bipod,,,,,,,,,,,,,,,,
bipod_kilo98,bipodKilo98,,,,,,,,,,,,,,,,
bipodlmg,bipod,,,,,,,,,,,,,,,,
bipod_kilo121,bipodKilo121,,,,,,,,,,,,,,,,
bipod_lima86,bipodLima86,,,,,,,,,,,,,,,,
bipod_mgolf34,bipodMgolf34,,,,,,,,,,,,,,,,
bipod_pkilo,bipodPkilo,,,,,,,,,,,,,,,,
bipodsnpr,bipod,,,,,,,,,,,,,,,,
bipod_delta,bipod,,,,,,,,,,,,,,,,
bipod_hdromeo,bipodHdromeo,,,,,,,,,,,,,,,,
bipod_hdromeo_ballistics,bipodHdromeo,,,,,,,,,,,,,,,,
calar_augolf,calarAugolf,,,,smAugolfv1,,,,,,,,,,,,
calar_augolf_sp,calarAugolf,,,,,,,,,,,,,,,,
calcust_mike4_50,calcustMike4,,,,,,,,,,,,,,,,
calcust_mpapa5,xmagslrgMpapa5,,,,,,,,,,,,,,,,
callmgdrums_akilo47,drumsAkilo47,,,,,,,,,,,,,,,,
callmg_augolf,smAugolf,,,,,,,,,,,,,,,,
callmgdrums_augolf,drumsAugolf,,,,,,,,,,,,,,,,
calsmg_akilo47,calsmgAkilo47,,,,,,,,,,,,,,,,
calsmg_akilo47_sp,calsmgAkilo47,,,,,,,,,,,,,,,,
calsmgdrums_akilo47,drumsAkilo47,,,,,,,,,,,,,,,,
calsmgdrums_akilo47_sp,drumsAkilo47,,,,,,,,,,,,,,,,
calsmg_mike4,calsmgMike4,,,,,,,,,,,,,,,,
caldmr_scharlie,caldmrScharlie,,,,,,,,,,,,,,,,
calsnpr_asierra12,calsnprAsierra12,,,,,,,,,,,,,,,,
gl_iw8,mike203,,,,,,,,,,,,,,,,
glconc,mike203,,,,,,,,,,,,,,,,
ub_echo_conc,echo,,,,,,,,,,,,,,,,
ub_golf25_conc,golf25,,,,,,,,,,,,,,,,
glflash,mike203,,,,,,,,,,,,,,,,
ub_echo_flash,echo,,,,,,,,,,,,,,,,
ub_golf25_flash,golf25,,,,,,,,,,,,,,,,
glgas,mike203,,,,,,,,,,,,,,,,
ub_echo_gas,echo,,,,,,,,,,,,,,,,
ub_golf25_gas,golf25,,,,,,,,,,,,,,,,
glincendiary,mike203,,,,,,,,,,,,,,,,
ub_echo_incendiary,echo,,,,,,,,,,,,,,,,
ub_golf25_incendiary,golf25,,,,,,,,,,,,,,,,
glsemtex,mike203,,,,,,,,,,,,,,,,
ub_echo_semtex,echo,,,,,,,,,,,,,,,,
ub_golf25_semtex,golf25,,,,,,,,,,,,,,,,
glsmoke,mike203,,,,,,,,,,,,,,,,
ub_echo_smoke,echo,,,,,,,,,,,,,,,,
ub_golf25_smoke,golf25,,,,,,,,,,,,,,,,
glsnap,mike203,,,,,,,,,,,,,,,,
ub_echo_snap,echo,,,,,,,,,,,,,,,,
ub_golf25_snap,golf25,,,,,,,,,,,,,,,,
ub_echo,echo,,,,,,,,,,,,,,,,
ub_flare,mike203,,,,,,,,,,,,,,,,
ub_golf25,golf25,,,,,,,,,,,,,,,,
ub_golf25_cp,golf25,,,,,,,,,,,,,,,,
ub_golf25_sp,golf25,,,,,,,,,,,,,,,,
ub_golf25_sp_safehouse,golf25,,,,,,,,,,,,,,,,
ub_mike203,mike203,,,,,,,,,,,,,,,,
ub_mike203_sp,mike203,,,,,,,,,,,,,,,,
ub_mike203_sp_null,mike203,,,,,,,,,,,,,,,,
gripang,gripang,,,,,,,,,,,,,,,,
gripangpro,gripangpro,,,,,,,,,,,,,,,,
gripangpro_akilo47,gripangpro,,,,,,,,,,,,,,,,
gripangpro_charlie725,gripangpro,,,,,,,,,,,,,,,,
gripangpro_dpapa12,gripangpro,,,,,,,,,,,,,,,,
gripangpro_romeo870,gripangpro,,,,,,,,,,,,,,,,
gripangshtgn,gripang,,,,,,,,,,,,,,,,
gripang_charlie725,gripang,,,,,,,,,,,,,,,,
gripang_dpapa12,gripang,,,,,,,,,,,,,,,,
gripang_oscar12,gripang,,,,,,,,,,,,,,,,
gripang_romeo870,gripang,,,,,,,,,,,,,,,,
gripangsmg,gripang,,,,,,,,,,,,,,,,
gripvertcqb,gripang,,,,,,,,,,,,,,,,
gripvertcqbpro,gripang,,,,,,,,,,,,,,,,
gripang_akilo47,gripang,,,,,,,,,,,,,,,,
gripangdmr,gripang,,,,,,,,,,,,,,,,
gripanglmg,gripang,,,,,,,,,,,gripAnglmgv1,gripAnglmgv1,,,,
gripcust,gripvert,,,,,,,,,,,,,,,,
bipodgrip,bipodgrip,,,,,,,,,,,,,,,,
gripcust_mike1911,gripvert,,,,,,,,,,,,,,,,
gripcust_romeo870,gripcustRomeo870,,,,,,,,,,,,,,,,
gripcust2_romeo870,gripcust2Romeo870,,,,,,,,,,,,,,,,
gripside_pkilo,gripsidePkilo,,,,,,,,,,,,,,,,
griphip,griphip,griphipVintagev1,griphipv2,griphipv3,,griphipv5,,griphipv2,griphipModern,,,,,,,,
griphip_modern,griphipModern,griphipVintagev1,griphipv2,anim64,,griphipv5,griphip,gripLima86,griphipModern,,,,,,,,
griphip_vintage,griphipVintage,,griphipv2,griphipv3,griphip,griphipv5,griphip,gripLima86,griphipModern,,,,,,,,
griphip_akilo47,griphipAkilo47,griphipVintagev1,griphipv2,griphipv3,griphip,griphipv5,griphip,gripLima86,griphipModern,,,,,,,,
griphip_charlie725,griphip,griphipVintagev1,griphipv2,griphipv3,,griphipv5,,gripLima86,griphipModern,,,,,,,,
griphip_dpapa12,griphip,griphipVintagev1,griphipv2,griphipv3,,griphipv5,,gripLima86,griphipModern,,,,,,,,
griphip_mpapa7,griphip,griphipVintagev1,griphipMpapa7v2,,,griphipv5,,gripLima86,griphipModern,,,,,,,,
griphipsmg,griphipModern,griphipVintagev1,griphipv2,griphipv3,griphip,griphipv5,griphip,gripLima86,griphipModern,,,,,,,,
griphip_romeo870,griphip,griphipVintagev1,griphipv2,griphipv3,,griphipv5,,,,,,,,,,,
gripvert,gripvert,gripvertv1,gripvertv2,,,,,,,,,,,,,,
gripvert_akilo47,gripvertAkilo47,gripvertv1,gripvertv2,,,,,,,,,,,,,,
gripvertdmr,gripvert,gripMike14v1,,,,,,,,,,,,,,,
gripverthide,gripvert,gripvertv1,gripvertv2,,,,,,,,,,,,,,
gripvertlmg,gripvertlmg,gripvertv1,gripvertv2,gripvertlmgv3,,,,,,,,,,,,,
gripvertpro,gripvertpro,,,,gripvertprov1,,,,,,,,,,gripvertprov1,,
gripvertpro_akilo47,gripvertproAkilo47,gripvertproAkilo47v1,,,anim128,,,,,,,,,,,,
gripvertpro_charlie725,gripvertpro,,,gripvertprov3,,,,,,,,,,,,,
gripvertpro_dpapa12,gripvertpro,,,gripvertprov3,,,,,,,,,,,,,
gripvertpro_romeo870,gripvertpro,,,gripvertprov3,,,,,,,,,,,,,
gripvertshtgn,gripvert,gripvertv1,gripvertv2,,,,,,,,,,,,,,
gripvert_charlie725,gripvert,gripvertv1,gripvertv2,,,,,,,,,,,,,,
gripvert_dpapa12,gripvert,,,,,,,,,,,,,,,,
gripvert_oscar12,gripvertOscar12,gripvertOscar12v1,,,,,,,,,,,,,,,
gripvert_romeo870,gripvert,gripvertv1,gripvertv2,,,,,,,,,,,,,,
gripvertsmg,gripvertsmg,gripvertv1,,gripvertsmg,,,,,,,,,,,anim128,,
gripdefault,DefaultSequence,,,,,,,,,,,,,,,,
gripcust_augolf,gripAugolf,gripAugolfv1,,gripAugolfv1,,,,,,,,,,,,,
gripcust_dpapa12,gripDpapa12,,,,,,,,,,,,,gripDpapa12v1,,,
gripside_oscar12,gripOscar12,,,,,,,,,,,,,,,,
guardcust_dpapa12,guardcustDpapa12,,,,,,,,,,,,,,,,
laser_ads,laser,,,,,,,,,,,,,,,,
laserbalanced,laserbalanced,,,,,,,,,,,,,,,,
laserbalanced_bar,laserbalancedBar,,,,,,,,,,,,,,,,
laserbalanced_pstl,laserpstl04,laserbalancedpstlv1,laserpstl04,laserpstl,,,,,,,,,laserbalancedpstlv3,,,,
laserbalanced_smg,laserbalanced,,,,,,,,,,,,,,,,
laserbalanced_tall,laserbalanced,,,,,,,,,,,,,,,,
lasermicbalanced,laser,,,,,,,,,,,,,,,,
laser_hip,laser,,,,,,,,,,,,,,,,
laser,laser,,,,,,,,,,,,,,,,
laser_bar,laserbar,,,,,,,,,,,,,,,,
laser_captive,laser,,,,,,,,,,,,,,,,
laser_tall,laser,,,,,,,,,,,,,,,,
lasermic,lasermic,,,,,,,,,,,,,,,,
lasermicrange,lasermic,,,,,,,,,,,,,,,,
lasermic_townhouse,lasermic,,,,,,,,,,,,,,,,
laserpstl,laserpstl,laserpstlv1,laserpstlv7,,laserpstlv4,,,,laserbalancedpstlv4,,,,,,,,
lasershtgn,laserirBar,,,,,,,,,,,,,,,,
lasersmg,laserirBar,,,,,,,,,,,,,,,,
laser_hip_strong,laser,,,,,,,,,,,,,,,,
laserrange,laserrange,,,,,,,,,,,,,,,,
laserrange_bar,laserrangeBar,,,,,,,,,,,,,,,,
laserrange_kilo433,laserrange,,,,,,,,,,,,,,,,
laserrange_pstl,laserpstl03,,,,,,,,,,,,,laserpstlv5,,,
laserrange_smg,laserirBar,,,,,,,,,,,,,,,,
laserrange_tall,laserrange,,,,,,,,,,,,,,,,
laser_other,laser,,,,,,,,,,,,,,,,
laserads,laser,,,,,,,,,,,,,,,,
laserads_bar,laseradsBar,,,,,,,,,,,,,,,,
laserads_bar_bright,laseradsBar,,,,,,,,,,,,,,,,
laserads_bar_dblmg,laseradsBar,,,,,,,,,,,,,,,,
laserir,laserir,,,,,,,,,,,,,,,,
laserir_bar,laserirBar,,,,,,,,,,,,,,,,
laserir_tall,laserir,,,,,,,,,,,,,,,,
laserirpstl,laserirpstl,,,,,,,,,,,,,,,,
laserirsmg,laserirBar,,,,,,,,,,,,,,,,
bayonet_akilo47,bayonetAkilo47,,,,,,,,,,,,,,,,
bayonetub_akilo47,bayonetAkilo47,,,,,,,,,,,,,,,,
muzzlemelee_pstl,muzzlemeleepstl,,,,,,,,,,,,,,,,
muzzlemelee_decho,muzzlemelee,,,,,,,,,,,,,,,,
muzzlemelee_shtgn,muzzlemeleeshtgn,,,,,,,,,,,,,,,,
muzzlemelee_charlie725,muzzlemeleeCharlie725,,,,,,,,,,,,,,,,
muzzlemelee_dpapa12,muzzlemeleeshtgn,,,,,,,,,,,,,,,,
muzzlemelee01,muzzlemelee,,,,,,,,,,,,,,,,
muzzlemelee02,muzzlemelee,,,,,,,,,,,,,,,,
brake,brake,,,,,,,,,,,,,,,,
brake_charlie725,brakeCharlie725,,,,,,,,,,,,,,,,
brake01,brake,,,,,brake01v5,,,,,,,,,,,
brake01_asierra12,brake,,,,,,,,,,,,,,,,
brake02_asierra12,brake,,,,,,,,,,,,,,,,
brake05,brake,,,,,,,,,,,,,,,,
brakelmg,brake,,,,,,,,,,,,,,,,
brake_mgolf34,brake,,,,,,,,,,,,,,,,
brake02_mgolf34,brake,,,,,,,,,,,,,,,,
brakepstl,brakepstl,,,,,,,,,,,,brakepstlv1,,,,
brake_decho,brakeDecho,,,,,,,,,,,,,,,,
brake_mike1911,brakeMike1911,brakeMike1911v1,,brakeMike1911v1,,,,,,,,,,,,,
brakepstl02,brakepstl,,,,,,,,,,,,,,,,
brakeshtgn,brakeshtgn,,,,,,,,,,,,,,,,
brake_dpapa12,brakeshtgn,brakeDpapa12v1,,,,,,,,,,,,,,,
brake_romeo870,brakeshtgn,,,,,,,,,,,,,,,,
brakesmg,brakesmg,,,,,,,,,,,,,,,,
brakesnpr,brake,,,,,,,,,,,,,,,,
choke,choke,,,,,,,,,,,,,,,,
choke_charlie725,chokeCharlie725,,,,,,,,,,,,,,,,
choke_dpapa12,chokeDpapa12,,,,,,,,,,,,,,,,
comp,comp,comp03,,,,,,,,,,,,,,,
comp_asierra12,comp,,,,,,,,,,,,,,,,
comp_decho,comp,,,,,,,,,,,,,,,,
comp_dpapa12,comp,,,,,,,,,,,,,,,,
comp_mgolf34,comp,,,,,,,,,,,,,,,,
comp_pstl,comp,,,,,,,,,,,,,,,,
comp_shtgn,comp,,,,,,,,,,,,,,,,
comp03,comp03,,,,,comp03v1,,,,,,,,,,,
comp04,comp04,,,,,,,,,,,,,,,,
compsmg,compsmg,,,,,,,,,,,,,,,,
compsnpr,comp,,,,,,,,,,,,,,,,
flashhider,flashhider,,,,,,,,,,,,,,,,
flashhider_asierra12,flashhider,,,,,,,,,,,,,,,,
flashhider02,flashhider,,,,,,,,,,,,,,,,
flashhider05,flashhider,,,,,,,,,,,,,,,,
flashhider06,flashhider,,,,,,,,,,,,,,,,
flashhiderlmg,flashhider,,,,,,,,,,,,,,,,
flashhider_mgolf34,flashhider,,,,,,,,,,,,,,,,
flashhiderpstl,flashhiderpstl,,,,,,,,,,,,,,,,
flashhider_decho,flashhiderpstl,,,,,,,,,,,,,,,,
flashhiderpstl02,flashhiderpstl,flashhiderpstl02v1,flashhiderpstl02v1,,,,,,,,,,,,,,
flashhidershtgn,flashhidershtgn,,,,,,,,,,,,,,,,
flashhider_charlie725,flashhiderCharlie725,,,,,,,,,,,,,,,,
flashhider_dpapa12,flashhidershtgn,,,,,,,,,,,,,,,,
flashhider_oscar12,flashhidershtgn,,,,,,,,,,,,,,,,
flashhidersmg,flashhidersmg,,,,,,,,,,,,,,,,
flashhidersnpr,flashhidersnpr,,,,,,,,,,,,,,,,
linearbrake,linearbrake,,,,,,,,,,,,,,,,
linearbrake_dpapa12,linearbrake,,,,,,,,,,,,,,,,
linearbrakesmg,linearbrake,,,,,,,,,,,,,,,,
linearbrakesnpr,linearbrake,,,,,,,,,,,,,,,,
linearcomp,linearcomp,,,,,,,,,,,,,,,,
linearcomp02,linearcomp02,,,,,,,,,,,,,,,,
linearcomp03,linearcomp03,,,,,,,,,,,,,,,,
linearcomp04,linearcomp04,,,,,,,,,,,,,,,,
rack_sbeta,rackSbeta,,,,,,,,,,,,,,,,
silencer,silencerWest,,,,,,,,,,,,,,,,
silencer_huge,silencerWest,,,,,,,,,,,,,,,,
silencer2_asierra12,silencerAsierra12Long,,,,,,,,,,,,,,,,
silencer_large,silencerWest,,,,,,,,,,,,,,,,
silencerbalanced,silencerbalanced,,,,,,,,,,,,,,,,
silencer03_pstl,silencerPstl03,,,,,,,,,,,,,,,,
silencerbalanced_east02,silencerEast02,,,,,,,,,,,,,,,,
silencerbalancedshtgn,silencerbalancedshtgn,silencerbalancedshtgnv1,,,,,,,,,,,,,,,
silencerbalanced_dpapa12,silencerDpapa1203,,,,,,,,,,,,,,,,
silencerbalanced_oscar12,silencerbalancedOscar12,,,,,,,,,,,,,,,,
silencerbalancedshtgn_charlie725,silencerbalancedCharlie725,,,,,,,,,,,,,,,,
silencershtgn03,silencerShotgun03,,,,,,,,,,,,,,,,
silencerdmr_west02,silencerWest02,,,,,,,,,,,,,,,,
silencerpstl_west01,silencerPstlWest01,,,,,,,,,silencerPstlWest01v1,,,,,,,
silencersleeve_mpapa7,silencerbalanced,,,,,,,,,,,,,,,,
silencer_med,silencerWest,,,,,,,,,,,,,,,,
silencer_asierra12,silencerAsierra12,,,,,,,,,,,,,,,,
silencer_east03,silencerEast03,,,,,,,,,,,,,,,,
silencer_west01,silencerWest,,,,,,,,silencerWestv1,,,,,,,,
silencer_west01_townhouse,silencerWest,,,,,,,,,,,,,,,,
silencer04,silencer04,,,,,,,,,,,,,,,,
silencerdmr_west01,silencerWest,,,,silencerdmrWest01v4,,,,,,,,,,,,
silencerlmg_west01,silencerWest,,,,,,,,,,,,,,,,
silencersleeve_east03,silencerSniperWest,,,,,,,,,,,,,,,,
silencersmg_east01,silencerWest,,,,,,,,,,,,,,,,
silencersmg_west01,silencerWest,,,,,,,,,,,,,,,,
silencer_oilcan,silencerWest,,,,,,,,,,,,,,,,
silencerpstl_oil,silencerOilFilter,,,,,,,,,,,,,,,,
silencer_small,silencerWest,,,,,,,,,,,,,,,,
silencer_east01,silencerEast,,,,,,,,,,,,,,,,
silencerdmr_east01,silencerEast,,,,,,,,,,,,,,,,
silencerdmr04,silencer04,,,,,,,,,,,,,,,,
silencerlmg_east01,silencerPkilo,,,,,,,,,,,,,,,,
silencersleeve,silencersleeve,,,,,,,,,,,,,,,,
silencer02_pstl,silencerPstl02,,,,,,,,,,,,,,,,
silencersleeveshtgn,silencerCharlie72502,silencersleeveshtgnv1,,silencersleeveshtgnv1,,,,,,,,,,,,,
silencersleeve_dpapa12,silencerDpapa1202,,,,,,,,,,,,,,,,
silencersleeve_oscar12,silencersleeveOscar12,silencersleeveOscar12v1,,,,,,,,,,,,,,,
silencersleeveshtgn_charlie725,silencerCharlie72502,,,,,,,,,,,,,,,,
silencersleeveshtgn_romeo870,silencerAsierra12Long,,,,,,,,,,,,,,,,
silencersnpr_east01,silencerWest,,,,,,,,,,,,,,,,
silencer_unused,silencerWest,,,,,,,,,,,,,,,,
reconsilencer_cp,silencerWest,,,,,,,,,,,,,,,,
silencerdmr,silencerWest,,,,,,,,,,,,,,,,
silencerlmg,silencerWest,,,,,,,,,,,,,,,,
silencer01_mgolf34,silencerMgolf34,,,,,,,,,,,,,,,,
silencer02_mgolf34,silencerMgolf3403,,,,,,,,,,,,,,,,
silencer03_mgolf34,silencerMgolf3403,,,,,,,,,,,,,,,,
silencerpstl,silencerPstlWest01,,,,,,,,,,,,,,,,
silencersmg,silencerWest,,,,,,,,,,,,,,,,
silencer_uzulu,silencerWest,,,,,,,,,,,,,,,,
silencersmg04,silencer04,,,,,,,,,,,,,,,,
silencersnpr,silencerWest,,,,,,,,,,,,,,,,
silencer_sbeta,silencerWest,,,,,,,,,,,,,,,,
silencersnpr_west01,silencerSniperWest,,,,,,,,,,,,,,,,
silencersnpr_west02,silencerSniperWest02,,,,,,,,,,,,,,,,
silencersnpr_west03,silencerSniperWest03,,,,,,,,,,,,,,,,
silencershtgn,silencerShotgun,,,,,,,,,,,,,,,,
silencer_dpapa12,silencerDpapa12,,,,,,,,,,,,,,,,
silencer_oscar12,silencerOscar12,,,,,,,,,,,,,,,,
silencershtgn_charlie725,silencerCharlie725,,,,,,,,,,,,,,,,
silencershtgn_west01,silencerRomeo870,,,,,,,,,,,,,,,,
speedloader,piCpapa,,,,,,,,,,,,,,,,
speedloader_mike32,piCpapa,,,,,,,,,,,,,,,,
stockcqb_sbeta,rackSbeta,,,,,,,,,,,,,,,,
stockcust_kilo121,stockcustKilo121,,,,,,,,,,,,,,,,
stockcust_lima86,stocksLima86,,,,,,,,,,,,,,,,
stocks_akilo47,stocksAkilo47,stocksAkilo47v1,,,,stocksAkilo47v1,,,,,,,,,,,
stocks_alpha50,stocksAlpha50,,snAlpha50v1,,,,,,,,,,,,,,
stocks_asierra12,stocksAsierra12,,,,,,,,,,,,,,,,
stocks_augolf,stocksAugolf,,,,,,,,,,,,,,,,
stocks_beta,stocksBeta,,,,,,,,,,,,,,,,
stocks_charlie725,stocksCharlie725,,,,,,,,,,,,,,,,
stocks_delta,stocksDelta,,,,,,,,,,,,,,,,
stocks_falima,stocksFalima,stocksFalimav1,stocksFalimav2,stocksFalimav1,,,,,,,,,,,,,
stocks_hdromeo,stocksHdromeov1,,,,,,,,,,,,,,,,
stocks_kilo121,stocksKilo121,,,,,,,,,,,,,,,,
stocks_kilo433,stocksKilo433v1,stocksKilo433v1,stocksKilo433v2,,stocksKilo433v2,,,,,,,,,,,,
stocks_mcharlie,stocksMcharlie,,,,,,,,,,,,,,,,
stocks_mike4,stocksMike4,,,,arMike4,,,,,,,arMike4v1,,,,,
stocks_mpapa5,stocksMpapa5,,,,,,,,,,,,,,,,
stocks_mpapa7,stocksMpapa7,,,,,,,,,,,,,,,,
stocks_oscar12,stocksOscar12,,stocksOscar12v2,,,,,,,,,,,,,,
stocks_papa90,stocksPapa90,,,,,,,,,,,,,,,,
stocks_pkilo,stocksPkilo,,,,,,,,,,,,,,,,
stocks_romeo870,stocksRomeo870,,,,,,,,,,,,,,,,
stocks_sbeta,stocksSbeta,,,,,,,,,,,,,,,,
stocks_uzulu,stocksUzulu,,,,,,,,,,,,,,,,
stockcqb_mike14,stockcqbMike14,stockcqbMike14v1,,,,,,,,,,,,,,,
stockcust_akilo47,stockcustAkilo47,,,,,,,,,,,,,,,,
stockcust_cpapa,stockcustpiCpapa,,,,,,,,,,,,,,,,
stockheavy,stockheavy,,,,,,,,,,,,,,,,
stockcust_dpapa12,guardheavyDpapa12,,,,,,,,,,,,,,,,
guradheavy_dpapa12,stockh,,,,,,,,,,,,,,,,
stockcust_scharlie,stockhScharlie,,,,,,,,,,,,,,,,
stockh,stockh,,,,,,,,,,,,,,,,
stockh_alpha50,stockhAlpha50,,,,,,,,,,,,,,,,
stockh_asierra12,stockhAsierra12,,,,,,,,,,,,,,,,
stockh_augolf,stockhAugolf,,,,,,,,,,,,,,,,
stockh_beta,stockhBeta,,,,,,,,,,,,,,,,
stockh_charlie725,stockhCharlie725,,,,,,,,,,,,,,,,
stockh_crossbow,stockheavy,,,,,,,,,,,,,,,,
stockh_delta,stockhDelta,,snDeltav2,,,,,,,,,,,,,,
stockh_falima,stockhFalima,,,,stockhFalimav4,,,,,,,,,,,,
stockh_hdromeo,stockhHdromeo,stockhHdromeov1,,,,,stockhHdromeov3,,,,,,,,,,
stockh_india,stockheavy,,,,,,,,,,,,,,,,
stockh_kilo121,stockhKilo121,,stockhKilo121v1,,,,,,,,,,,,,,
stockh_kilo433,stockhKilo433,,,,,,,,,arKilo433v1,,,,,,,
stockh_kilo98,stockhKilo98,,,,,,,,,,,,,,,,
stockh_lima86,stockhLima86,,,,,,,,,,,,,,,,
stockh_mcharlie,stockhMcharlie,,,,,,,,,,,,,,,,
stockh_mike14,stockhMike14,,,,,,,,,,,,,,,,
stockh_mike4,stockhMike4,stockhMike4v1,stockhMike4v2,,,,,,,,,,,,,,
stockh_mpapa5,stockhMpapa5,,,,,,,,,,,,,,,,
stockh_mpapa7,stockhMpapa7,,,,,,,,,,,,,,,,
stockh_oscar12,stockhOscar12,,,,,,,,,,,,,,,,
stockh_pkilo,stockhPkilo,,,,,,,,,,,,,,,,
stockh_romeo870,stockhRomeo870,,,,,,,,,,,,,,,,
stockh02_romeo870,stockhRomeo870,,,,,,,,,,,,,,,,
stockh_sbeta,stockh_sbeta,,,,,stockhSbetav3,stockhSbetav3,,,,,,,,,,
stockh_scharlie,stockhScharlie,stockhScharliev1,,,,,,,,,,,,,,,
stockh_uzulu,stocksUzulu,stockhUzuluv1,,,,,,,,,,,,,,,
stockh02,stockh02,,,,,,,,,,,,,,,,
stocklmg_akilo47,stockhAkilo47,,,,,,,,,,,,,,,,
stockl_alpha50,stocklAlpha50,,,,,,,,,,,,,,,,
guardlight_dpapa12,guardlightDpapa12,,,,,,,,,,,,,,,,
stockl_asierra12,stocklAsierra12,,,,,,,,,,,,,,,,
stockl_beta,stocklBeta,,,,,,,,,,,,,,,,
stockl_charlie725,stocklCharlie725,,,,,,,,,,,,,,,,
stockl_delta,stocklDelta,,,,,,,,,,,,,,,,
stockl_falima,arFalima,,,,,,,,,,,,,,,,
stockl_hdromeo,stocklHdromeo,,,,,,,,,,,,,,,,
stockl_kilo121,stocklKilo121,,,,,,,,,,,,,,,,
stockl_lima86,stocklLima86,stocklLima86v2,,,,,,,,,,,,,,,
stockl_kilo433,stocklKilo433,,,,,,,,,,,,,,,,
stockl_mcharlie,arMcharlie,stocklMcharliev1,,stocklMcharliev1,stocklMcharliev1,stocklMcharliev1,,stocklMcharliev1,,,,,,,,,
stockl_mike14,stocklMike14,,,,,,,,,,,,,,,,
stockl_mike4,stocklMike4,,,,,,,,,,,,,,,,
stockl_mpapa5,stockhMpapa5,,,,,,,,,,,,,,,,
stockl_mpapa7,stocklMpap7,,,,,,,,,,,,,,,,
stockl_oscar12,stocksOscar12,,,,,,,,,,,,,,,,
stockl_papa90,stocklPapa90,,,,,,,,,,,,,,,,
stockl_pkilo,stocklPkilo,stocklPkilov1,,stocklPkilov1,,,,,,,,,,,,,
stockl_romeo870,stocklRomeo870,,,,,,,,,,,,,,,,
stockl_sbeta,stockcqbSbeta,,,,,,,,,,,,,,,,
stockl_scharlie,stocklScharlie,,,,,,,,,,,,,,,,
stockl_uzulu,stocklUzulu,stocklUzuluv1,,,,,,,,,,,,,,,
stocksmg_akilo47,smgAkilo47,arAkilo47v1,,arAkilo47v1,,,,smgAkilo47v1,,arAkilo47v2,,,,,,,
stockno,stocknoBeta,,,,,,,,,,,,,,,,
stockfold_akilo47,stockfoldAkilo47,,,,,,,,,,,,,,,,
stockno_beta,stocknoBeta,,,,,,,,,,,,,,,,
stockno_charlie725,stocknoCharlie725,,,,,,,,,,,,,,,,
stockno_crossbow,stocknoBeta,,,,,,,,,,,,,,,,
stockno_falima,stocknoFalima,,,,,,,,,,,,,,,,
stockno_kilo121,stocknoKilo121,,,,,,,,,,,,,,,,
stockno_kilo433,stocknoKilo433,,,,,,,,,,,,,,,,
stockno_mcharlie,stocknoMcharlie,stocknoMcharliev1,stocknoMcharliev1,,,,,,,,,,,,,,
stockno_mgolf34,stocknoBeta,,,,,,,,,,,,,,,,
stockno_mike4,stocknoMike4,,,,,,,,,,,,,,,,
stockno_mpapa5,stocknoMpapa5,,,,,,,,,,,,,,,,
stockno_oscar12,stocknoMpapa7,,,,,,,,,,,,,,,,
stockno_pkilo,stocknoOscar12,,,stocknoPkilov1,,,,,,,,,,,,,
stockno_mpapa7,stocknoMpapa7v2,,,,,,,,,,,,,,,,
stockno_romeo870,stocknoRomeo870,,,,,,,,,,,,,,,,
stockno_uzulu,stocknoUzulu,,,,,,,,,,,,,,,,
stockpstl,stocknoBeta,,,,,,,,,,,,,,,,
stock_cpapa,piCpapa,,,,,,,,,,,,,,,,
stock_golf21,stockGolf21,,,,,,,,,,,,,,,,
railar_augolf,smAugolf,,,,,,,,,,,,,,,,
railcust_falpha,railcustFalpha,,,,,,,,,,,,,,,,
ubshtgn,ubshtgn,,,,,,,,,,,,,,,,
ubshtgn_mike4,ubshtgn,,,,,,,,,,,,,,,,
ubshtgn02,ubshtgn,,,,,,,,,,,,,,,,
xmags,,,,,,,,,,,,,,,,,
mmags_alpha50,mmagsAlpha50,,,,,,,,,,,,,,,,
mmags_falima,mmagsFalima,,,,,,,,,,,,,,,,
mmags_mike1911,mmagsMike1911,,,,,,,,,,,,,,,,
mmags_mpapa7,mmagsMpapa7,,,,,,,,,,,,,,,,
mmags_scharlie,mmagsScharlie,,,,,,,,,,,,,,,,
xmags_akilo47,arAkilo47,,,,,,,,,,,,,,,,
xmags_asierra12,xmagsAsierra12,xmagslrgAsierra12v1,,,,,,,,,,,,,,,
xmags_augolf,drumsAugolf,xmagsAugolfv1,,,,,,,,,,,,,,,
xmags_beta,xmagsBeta,,,,,,,,,,,,,,,,
xmags_decho,xmagsDecho,,,,,,,,,,,,,,,,
xmags_delta,xmagsDelta,,,,,,,,,,,,,,,,
xmags_falpha,xmagsFalpha,,,,,,,,,,,,,,,,
xmags_golf21,xmagsGolf21,,,,,,,,,,,,,,,,
xmags_hdromeo,xmagsHdromeo,,,,,,,,,,,,,,,,
xmags_kilo433,xmagsKilo433,,,,,,,,,,,,,,,,
xmags_kilo98,DefaultSequence,,,,,,,,,,,,,,,,
xmags_lmg,,,,,,,,,,,,,,,,,
xmags_kilo121,lmKilo121,,,,,,,,,,,,,,,,
xmags_lima86,xmagsLima86,,,,,,,,,,,,,,,,
xmags_mgolf34,lmMgolf34,,,,,,,,,,,,,,,,
xmags_pkilo,lmPkilo,,,,,,,,,,,,,,,,
xmags_mcharlie,xmagsMcharlie,,,,,,,,,,,,,,,,
xmags_mike14,snMike14,,,,,,,,,,,,,,,,
xmags_mike4,xmagsMike4,,,,,,,,,,,,,,,,
xmags_mpapa5,smMpapa5,,,,,,,,,,,,,,,,
xmags_oscar12,xmagsOscar12,xmagsOscar12v1,,,xmagsOscar12v2,xmagsOscar12v2,,,,,,,,,,,
xmags_papa320,xmagsPapa320,,,,,,,,,,,,,,,,
xmags_papa90,smPapa90,,,,,,,,,,,,,,,,
xmags_sbeta,DefaultSequence,,,,,,,,,,,,,,,,
xmags_uzulu,xmagsUzulu,,,,,,,,,,,,,,,,
xtube_dpapa12,DefaultSequence,,,,,,,,,,,,,,,,
xtube_romeo870,,,,,,,,,,,,,,,,,
xmags_cp_launchers,,,,,,,,,,,,,,,,,
xmags_cp_gromeo,,,,,,,,,,,,,,,,,
xmags_cp_juliet,,,,,,,,,,,,,,,,,
xmags_cp_kgolf,,,,,,,,,,,,,,,,,
xmags_cp_rpapa7,,,,,,,,,,,,,,,,,
xmagsdrum,,,,,,,,,,,,,,,,,
drums_ar,,,,,,,,,,,,,,,,,
drums_akilo47,drumsAkilo47,,,,,,,,,,,,,,,,
drums_akilo47_sp,drumsAkilo47,,,,,,,,,,,,,,,,
drums_augolf,drumsAugolf,,,,,,,,,,,,,,,,
drums_augolf_sp,drumsAugolf,,,,,,,,,,,,,,,,
drums_kilo433,drumsKilo433,,,,,,,,,,,,,,,,
drums_oscar12,drumsOscar12,,,,,,,,,,,,,,,,
drums_oscar12_sp,drumsOscar12,,,,,,,,,,,,,,,,
drums_lmg,,,,,,,,,,,,,,,,,
drums_mgolf34,drumsMgolf34,,,,,,,,,,,,,,,,
drums_pkilo,lmPkilo,,,,,,,,,,,,,,,,
xmagslrg,,,,,,,,,,,,,,,,,
vertmags_falima,xmagsFalima,,,,,,,,,,,,,,,,
vertmags_falpha,vertmagsFalpha,,,,,,,,,,,,,,,,
vertmags_mcharlie,vertmagsMcharlie,,,,,,,,,,,,,,,,
vertmags_scharlie,xmagsScharlie,,,,,,,,,,,,,,,,
xmags_alpha50,xmagsAlpha50,,,,,,,,,,,,,,,,
xmags_falima,xmagsFalima,,,,,,,,,,,,,,,,
xmags_mike1911,xmagsMike1911,,,,,,,,,,,,,,,,
xmags_mpapa7,mmagsMpapa7,,,,,,,,,,,,,,,,
xmags_scharlie,xmagsScharlie,,,,,,,,,,,,,,,,
xmagslrg_alpha50,,,,,,,,,,,,,,,,,
xmagslrg_asierra12,xmagslrgAsierra12,xmagslrgAsierra12v1,,,,,,,,,,,,,,,
xmagslrg_beta,xmagsBeta,,,,,,,,,,,,,,,,
xmagslrg_decho,xmagslrgDecho,,,,,,,,,,,,,,,,
xmagslrg_delta,xmagslrgDelta,,,,,,,,,,,,,,,,
xmagslrg_golf21,xmagslrgGolf21,,,,,,,,,,,,,,,,
xmagslrg_hdromeo,xmagslrgHdromeo,,,,,,,,,,,,,,,,
xmagslrg_kilo433,xmagslrgKilo433,,,,,,,,,,,,,,,,
xmagslrg_lmg,,,,,,,,,,,,,,,,,
xmagslrg_lima86,xmagsLima86,,,,,,,,,,,,,,,,
xmagslrg_mike14,xmagslrgMike14,,,,,,,,,,,,,,,,
xmagslrg_mike1911,,,,,,,,,,,,,,,,,
xmagslrg_mike4,xmagslrgMike4,,,,,,,,,,,,,,,,
xmagslrg_mpapa5,xmagslrgMpapa5,,,,,,,,,,,,,,,,
xmagslrg_mpapa7,,,,,,,,,,,,,,,,,
xmagslrg_papa320,xmagslrgPapa320,,,,,,,,,,,,,,,,
xmagslrg_sbeta,,,,,,,,,,,,,,,,,
xmagslrg_uzulu,xmagslrgUzulu,,,,,,,,,,,,,,,,
drums_kilo121,drumsKilo121,,,,,,,,,,,,,,,,
triggripcust_falpha,triggripcustFalpha,,,,,,,,,,,,,,,,
triggripcust_mike1911,triggripcustMike1911,,,,,,,,,,,,,,,,
acog,acogWest01,,,,,,,,,,,,,,,,
acog_east01,acogEast01,,,,,,,,,,,,,,,,
acog_east01_irons,acogEast01,,,,,,,,,,,,,,,,
acog_east01_ironstall,,,,,,,,,,,,,,,,,
acog_east01_light,acogEastLw01,,,,,,,,,,,,,,,,
acog_east01_pstl,acogEast01,,,,,,,,,,,,,,,,
acog_east01_light_pstl,acogEastLw01,,,,,,,,,,,,,,,,
acogstable_east01,acogEast01,,,,,,,,,,,,,,,,
acogstable_east01_light,acogEastLw01,,,,,,,,,,,,,,,,
acog_west01,acogWest01,,,,,,,,,acogWest01v1,,,,,,,
acog_west01_irons,acogWest01,,,,,,,,,,,,,,acogWest01v1,,
acog_west01_light,acogWestLw01,,,,,,,,,,,,,,,,
acog_west01_pstl,acogWest01,,,,,,,,,,,,,,,,
acog_west01_light_pstl,acogWestLw01,,,,,,,,,,,,,,,,
acogstable_west01,acogWest01,,,,,,,,,,,,,,,,
acogstable_west01_light,acogWestLw01,,,,,,,,,,,,,,,,
acog_west02,acogWest02,,,,,,,,,,,,,,,,
acog_west02_irons,acogWest02,,,,,,,,,,,,,,,,
acog_west02_pstl,acogWest02,,,,,,,,,,,,,,,,
acogstable_west02,acogWest02,,,,,,,,,,,,,,,,
acogsnpr,acogWest01,,,,,,,,,,,,,,,,
acog_alpha50,acogWest01,,,,,,,,,,,,,,,,
acog_alpha50_light,acogWest01,,,,,,,,,,,,,,,,
acog_east01_alpha50,acogWest01,,,,,,,,,,,,,,,,
acog_west02_alpha50,acogWest01,,,,,,,,,,,,,,,,
custscope_augolf,scopeAugolf,,,,,,,,,,,,,,,,
hybrid,hybridWest01,,,,,,,,,,,,,,,,
hybrid_west01,hybridWest01,,,,,,,,,,,,,,,,
hybrid_west01_tall,hybridWest01,,,,,,,,,,,,,,,,
hybrid_west02,hybridWest02,,,,,,,,,,,,,,,,
hybrid_west03,hybridWest03,,,,,,,,,,,,,,,,
thermal_acog,thermalWest01,,,,,,,,,,,,,,,,
thermal_east01,thermalEast01,,,,,,,,,,,,,,,,
thermaldmr_east01,thermalEast01,,,,,,,,,,,,,,,,
thermalvz_east01,thermalEast01,,,,,,,,,,,,,,,,
thermal_west01,thermalWest01,,,,,,,,,,,,,,,,
thermaldmr_west01,thermalWest01,,,,,,,,,,,,,,,,
holo,holoWest01,,,,,,,,,,,,,,,,
holo_east01,holoEast01,,,,,,,,,,,,,,,,
holo_east01_light,holoEastLw01,,,,,,,,,,,,,,,,
holo_east01_pstl,holoEast01,,,,,,,,,,,,,,,,
holostable_east01,holoEast01,,,,,,,,,,,,,,,,
holostable_east01_light,holoEastLw01,,,,,,,,,,,,,,,,
holo_west01,holoWest01,holoWest02v1,,,,,,,holowestTango21,,,holoWest02v1,,,,,
holo_hybrid_west02,holoWest01,,,,,,,,,,,,,,,,
holo_west01_light,holoWestLw01,,,,,,,,,,,,,,,,
holo_west01_pstl,holoWest01,,,,,,,,,,,,,,,,
holoirons_west01,holoWest01,,,,,,,,,,,,,,,,
holostable_west01,holoWest01,,,,,,,,,,,,,,,,
holostable_west01_light,holoWestLw01,,,,,,,,,,,,,,,,
holo_west02,holoWest02,,,,,,,,,,,,,,,,
holo_west02_pstl,holoWest02,,,,,,,,,,,,,,,,
holostable_west02,holoWest02,,,,,,,,,,,,,,,,
irons_mike4,ironsMike4,,,,,,,,,,,,,,,,
ironsdefault_lima86,ironsdefaultLima86,,,,,,,,,,,,,,,,
reflex,reflexWest01,,,,,,,,,,,,,,,,
custscope_papa90,reflexPapa90,,,,reflexPapa90v1,,,,,,,,,,,,
minireddot,reflexMini,,,,,,,,,,,,,,,,
minireddot_pstl,reflexMini,,,,,,,,,,,,,,,,
minireddot_golf21,reflexMiniGolf21,,,,,,,,,,,,,,,,
minireddot_mike1911,reflexMiniMike1911,,,,,,,,,,,,,,,,
minireddotslow,reflexMini,,,,,,,,,,,,,,,,
minireddot_tall,reflexMini,,,,,,,,,,,,,,,,
minireddot02,reflexMini02,,,,,,,,,,,,,,,,
minireddot02_pstl,reflexMini02,,,,,,,,,,,,,,,,
minireddot02_golf21,reflexMiniGolf2102,,,,,,,,,,,,,,,,
minireddot02_mike1911,reflexMiniMike191102,,,,,,,,,,,,,,,,
minireddotslow02,reflexMini,,,,,,,,,,,,,,,,
minireddot02_tall,reflexMini02,,,,,,,,,,,,,,,,
minireddot03,reflexMini03,,,,,,,,,,,,,,,,
minireddot03_pstl,reflexMini03,,,,,,,,,,,,,,,,
minireddot03_golf21,reflexMiniGolf2103,,,,,,,,,,,,,,,,
minireddot03_mike1911,reflexMiniMike191103,,,,,,,,,,,,,,,,
minireddotslow03,reflexMini03,,,,,,,,,,,,,,,,
minireddot03_tall,reflexMini03,,,,,,,,,,,,,,,,
reflex_east01,reflexEast01,,,,,,,,,,,,,,,,
reflex_east01_irons,reflexEast01,,,,,,,,,,,,,,,,
reflex_east01_light,reflexEastLw01,,,,,,,,,,,,,,,,
reflex_east01_pstl,reflexEast01pstl,,,,,,,,,,,,,,,,
reflex_east01_light_pstl,reflexEastLw01,,,,,,,,,,,,,,,,
reflexstable_east01,reflexEast01,,,,,,,,,,,,,,,,
reflexstable_east01_light,reflexEastLw01,,,,,,,,,,,,,,,,
reflex_east02,reflexEast02,,,,,,,,,,,,,,,,
reflex_east02_irons,reflexEast02,,,,,,,,,,,,,,,,
reflex_east02_light,reflexEastLw02,,,,,,,,,,,,,,,,
reflex_east02_pstl,reflexEast02,,,,,,,,,,,,,,,,
reflex_east02_light_pstl,reflexEastLw02,,,,,,,,,,,,,,,,
reflexstable_east02,reflexEast02,,,,,,,,,,,,,,,,
reflexstable_east02_light,reflexEastLw02,,,,,,,,,,,,,,,,
reflex_hybrid,reflexWest01,,,,,,,,,,,,,,,,
reflex_hybrid_west01,reflexWest01,,,,,,,,,,,,,,,,
reflex_hybrid_west03,reflexWest01,,,,,,,,,,,,,,,,
reflex_west01,reflexWest01,,,,,,,,,,,,,,,,
reflex_west01_escort,reflexWest01,,,,,,,,,,,,,,,,
reflex_west01_irons,reflexWestTall,,,,,,,,,,,,,,,,
reflex_west01_light,reflexWest01,,,,,,,,,,,,,,,,
reflex_west01_pstl,reflexWest01,,,,,,,,,,,,,,,,
reflex_west01_light_pstl,reflexWestLw01,,,,,,,,,,,,,,,,
reflexstable_west01,reflexWest01,,,,,,,,,,,,,,,,
reflexstable_west01_light,reflexWestLw01,,,,,,,,,,,,,,,,
reflex_west02,reflexWest02,reflexWest02irons,,reflexWest02irons,,,,,,,,,,,,reflexWest02v1,
reflex_west02_irons,reflexWest02irons,,,,,,,,,,,,,,,,
reflex_west02tall_irons,reflexWest02irons,,,,,,,,,,,,,,,,
reflex_west02_noirons_mpapa7,reflexWest02irons,reflexWest02irons,,,,,,,,,,,,,,,
reflexirons_west02tall_light,reflexWest02irons,reflexWest02irons,,,,,,,,,,,,,,,
reflex_west02tall_light,reflexWest02irons,,,,,,,,,,,,,,,,
reflex_west02_light,reflexWestLw02,reflexWest02irons,,,,,,,,,,,,,,,
reflex_west02_pstl,reflexWest02pstl,reflexWest02Decho,,,,,,,,,,,,,,,
reflex_west02_light_pstl,reflexWestLw02,reflexWest02irons,,,,,,,,,,,,,,,
reflexstable_west02,reflexWest02,reflexWest02irons,,,,,,,,,,,,,,,
reflexstable_west02_light,reflexWestLw02,reflexWest02irons,,,,,,,,,,,,,,,
snprscope,DefaultSequence,,,,,,,,,,,,,,,,
custscope,DefaultSequence,,,,,,,,,,,,,,,,
custscope_charlie725,scopeCharlie725,,,,,,,,,,,,,,,,
custscope_cpapa,scopeCpapa,,,scopeCpapav1,,,,,,,,,,,,,
custscope_crossbow,scopeCrossbow,,,,,,,,,,,,,,,,
vzscope_crossbow,DefaultSequence,,,,,,,,,,,,,,,,
dmrscope,DefaultSequence,,,,,,,,,,,,,,,,
snprscope_kilo98,scopeKilo98,,,,,,,,,,,,,,,,
vzscope_kilo98,vzScopeKilo98,vzScopeKilo98,,,,,,,,,,,,,,,
snprscope_mike14,scopeMike14,,scopeMike14v2,,,scopeMike14v1,,,,,,,,,,,
snprscope_mike14_ar,scopeMike14,,,,,,,,,,,,,,scopeMike14v1,scopeMike14v1,
custscope_asierra12,scopeAsierra12,,,,,,,,,,,,,,,,
vzscope_mike14_ar,vzscopeMike14ar,,,,,,,,,,,,,,,,
vzscope_asierra12,vzscopeAsierra12,,,,,,,,,,,,,,,,
vzscope_mike14,vzscopeMike14,,,,,,,,,,,,,,,,
snprscope_sbeta,scopeSbeta,,,,,,,,,,,,,,,,
vzscope_sbeta,vzscopeMike14,vzscopeMike14,,,,,,,,,,,,,,,
snprscope_alpha50,scopeAlpha50,,,,,,,,,,,,,,,,
snprscope_alpha50_bulletdrop,scopeAlpha50,,,,,,,,,,,,,,,,
snprscope_alpha50_depth_mask,scopeAlpha50,,,,,,,,,,,,,,,,
snprscope_alpha50_embassy,scopeAlpha50,,,,,,,,,,,,,,,,
snprscope_alpha50_townhouse,scopeAlpha50,,,,,,,,,,,,,,,,
vzscope_alpha50,scopeAlpha50,vzscopeMike14,,,,,,,,,,,,,,,
vzscope_alpha50_challenge,scopeAlpha50,,,,,,,,,,,,,,,,
snprscope_delta,scopeDelta,snprscopeDeltav1,,,,,,,,,,,,,,,
vzscope_delta,scopeDelta,snprscopeDeltav1,,,,,,,,,,,,,,,
snprscope_hdromeo,scopeHdromeo,,scopeHdromeov2,,,,,,,,,,,,,,
snprscope_hdromeo_preorder,scopeHdromeo,,,,,,,,,,,,,,,,
vzscope_hdromeo,scopeHdromeo02,vzscopeHdromeov2,,,vzscopeHdromeov2,,,,,,,,,,,,
vzscope_hdromeo_ballistics,scopeHdromeo02,,,,,,,,,,,,,,,,
snprscope_india,DefaultSequence,,,,,,,,,,,,,,,,
snprscope_india_townhouse,DefaultSequence,,,,,,,,,,,,,,,,
spotterscope,DefaultSequence,,,,,,,,,,,,,,,,
spotterscope_nvg,DefaultSequence,,,,,,,,,,,,,,,,
thermalsnpr,DefaultSequence,,,,,,,,,,,,,,,,
thermalsnpr_west01,thermalScopeWest,,,,,,,,,,,,,,,,
thermal_alpha50,thermalScopeWest,,,,,,,,,,,,,,,,
thermalvzsnpr_west01,thermalScopeWest,,,,,,,,,,,,,,,,
vzscope,vzscope,,,,,,,,,,,,,,,,
hybrid_east01,hybridEast01,,,,,,,,,,,,,,,,
hybrid_west01_light,hybridWestLw01,,,,,,,,,,,,,,,,
hybrid_west02_light,hybridWestLw02,,,,,,,,,,,,,,,,
pistolgrip_pstl01_cpapa,pistolgripCpapa,,,,,,,,,,,,,,,,
pistolgrip_pstl01_decho,pistolgripDecho,,,,,,,,,,,,,,,,
pistolgrip_pstl01_golf21,pistolgripGolf21,,,,,,,,,,,,,,,,
pistolgrip_pstl01_mike1911,pistolgripMike1911,,,,,,,,,,,,,,,,
pistolgrip_pstl01_papa320,piPapa320,,,,,,,,,,,,,,,,
pistolgrip01_falpha,arFalpha,,,,,,,,,,,,,,,,
pistolgrip01_mike14,snMike14,,,,,,,,,,,,,,,,
pistolgrip01_sbeta,pistolgripSbeta,,,,,,,,,,,,,,,,
pistolgrip_pstl02_decho,piDecho,,,,,,,,,,,,,,,,
pistolgrip_pstl02_papa320,piPapa320,,,,,,,,,,,,,,,,
pistolgrip02_falpha,arFalpha,,,,,,,,,,,,,,,,
pistolgrip02_mike14,pistolgrip02Mike14,,,,,,,,,,,,,,,,
pistolgrip_pstl03_decho,pistolgrip03Decho,,,,,,,,,,,,,,,,
pistolgrip_pstl03_papa320,piPapa320,,,,,,,,,,,,,,,,
pistolgrip03_falpha,triggripcustFalpha,,,,,,,,,,,,,,,,
pistolgrip03_mike14,pistolgripMike14,,,,,,,,,,,,,,,,
rec_akilo47,arAkilo47,arAkilo47v1,,arAkilo47v3,arAkilo47v4,,,arAkilo47v1,arAkilo47v8,arAkilo47v1,,,,arAkilo47v1,,,
rec_akilo47_mp,arAkilo47,arAkilo47v1,,arAkilo47v3,arAkilo47v4,,,arAkilo47v1,arAkilo47v8,arAkilo47v1,,,,arAkilo47v1,,,
back_akilo47,arAkilo47,arAkilo47v1,,,,,,,,,,,,,,,
front_akilo47,arAkilo47,,,,,,,,,,,,,,,,
guard_akilo47,arAkilo47,arAkilo47v1,,,,,,,,,,,,,,,
guardrail_akilo47,guardrailAkilo47,,,,,,,,,,,,,,,,
mag_akilo47,arAkilo47,arAkilo47v1,arAkilo47v1,,,,,,,,,,,,,,
rec_asierra12,arAsierra12,arAsierra12v2,,,,,,,arAsierra12v3,,,,,arAsierra12v3,,arAsierra12v3,
front_asierra12,arAsierra12,,,,,,,,,,,,,,,,
mag_asierra12,arAsierra12,,arAsierra12v2,,,,,,,,,,,,,,
toprail_asierra12,arAsierra12,,,,,,,,,,,,,,,,
rec_falima,arFalima,,,,,,,,,,,,,,,,
back_falima,arFalima,,,,,,,,,,,,,,,,
front_falima,arFalima,arFalimav1,,,,,,,,,,,,,,arFalimav2,
mag_falima,arFalima,,,,,,,,,,,,,,,,
rec_falpha,arFalpha,,,arFalphav3,,,arFalphav8,arFalphav8,,,arFalphav3,arFalphav8,arFalphav3,,,,
front_falpha,arFalpha,,,,,,,,,,,,,,,,
mktg:front_falpha,arFalpha,,,,,,,,,,,,,,,,
mag_falpha,arFalpha,,,,,,,,,,,,,,,,
mktg:mag_falpha,arFalpha,,,,,,,,,,,,,,,,
mktg:rec_falpha,arFalpha,,,,,,,,,,,,,,,,
toprail_falpha,toprailFalpha,,,,,,,,,,,,,,,,
mktg:toprail_falpha,arFalpha,,,,,,,,,,,,,,,,
triggrip_falpha,triggripFalpha,,,,,,,,,,,,,,,triggripFalphav1,
mktg:triggrip_falpha,triggripFalpha,,,,,,,,,,,,,,,,
rec_kilo433,arKilo433,,,,,,,,,,,,,,,,
back_kilo433,backKilo433,stocksKilo433v1,,stocksKilo433v1,stocksKilo433v1,,,,,,,,,,,,
mktg:back_kilo433,arKilo433,,,,,,,,,,,,,,,,
front_kilo433,arKilo433,arKilo433v1,,,,,,,,,,,,,,,
mktg:front_kilo433,arKilo433,,,,,,,,,,,,,,,,
mag_kilo433,magKilo433,,,,,,,,,,,,,,,,
mktg:mag_kilo433,arKilo433,,,,,,,,,,,,,,,,
mktg:rec_kilo433,arKilo433,,,,,,,,,,,,,,,,
rec_mcharlie,arMcharlie,,,,,,,,,,,,,,,,
back_mcharlie,arMcharlie,stocklMcharliev1,,,,stocklMcharliev1,,,,,,,,,,,
front_mcharlie,arMcharlie,,,,,,,,,,barshortMcharliev1,,,,,,
mag_mcharlie,arMcharlie,,,,,,,,,,,,,,,,
rec_mike4,arMike4,arMike4v1,,arMike4v3,,,,,arMike4v1,,,,,,,,
back_mike4,arMike4,,,,,,,,stocksMike4,,,,,,,,
mktg:back_mike4,arMike4,,,,,,,,,,,,,,,,
front_mike4,arMike4,,,,,arMike4v5,,,,,,,,,,,
mktg:front_mike4,arMike4,,,,,,,,,,,,,,,,
mag_mike4,arMike4,,,,,,,,calsmgMike4,,,,,,,,
mktg:mag_mike4,arMike4,,,,,,,,,,,,,,,,
mktg:rec_mike4,arMike4,arMike4v1,,,,,,,,,,,,,,,
rec_scharlie,arScharlie,,,,,,,,,,,,,,,,
back_scharlie,arScharlie,arScharliev1,,,,,,arScharliev7,,,,,,,,,
mktg:back_scharlie,arScharlie,,,,,,,,,,,,,,,,
front_scharlie,arScharlie,,,,,,,,,,,,,,,,
mktg:front_scharlie,arScharlie,,,,,,,,,,,,,,,,
mag_scharlie,arScharlie,,,,,,,,,,,,,,,,
mktg:mag_scharlie,arScharlie,,,,,,,,,,,,,,,,
mktg:rec_scharlie,arScharlie,,,,,,,,,,,,,,,,
rec_kilo121,lmKilo121,lmKilo121v1,lmKilo121v2,lmKilo121v3,lmKilo121v4,lmKilo121v3,lmKilo121v1,lmKilo121v5,lmKilo121v3,lmKilo121v1,lmKilo121v1,lmKilo121v5,,,lmKilo121v5,lmKilo121v5,
back_kilo121,lmKilo121,,,,,,,,,,,,,,,,
mktg:back_kilo121,lmKilo121,,,,,,,,,,,,,,,,
front_kilo121,lmKilo121,,,,,,,,,,,,,,,,
mktg:front_kilo121,lmKilo121,lmKilo121v1,,,,,,,,,,,,,,,
mag_kilo121,lmKilo121,,,,,,,,,,,,,,,,
mktg:mag_kilo121,lmKilo121,,,,,,,,,,,,,,,,
mktg:rec_kilo121,lmKilo121,,,,,,,,,,,,,,,,
rec_lima86,lmLima86,lmLima86v1,lmLima86v2,lmLima86v3,lmLima86v4,,lmLima86v1,lmLima86v1,,,,lmLima86v1,lmLima86v1,lmLima86v1,,,
front_lima86,lmLima86,,,,,,,,,,,,,,,,
mag_lima86,lmLima86,,,,,,,,,,,,,,,,
rec_mgolf34,lmMgolf34,lmMgolf34v1,lmMgolf34v2,lmMgolf34v3,lmMgolf34v4,lmMgolf34v5,lmMgolf34v1,,,,,,,,,,
front_mgolf34,lmMgolf34,,,,,,,,,,,,,,,,
mag_mgolf34,lmMgolf34,,,,,,,,,,,,,,,,
rec_pkilo,lmPkilo,lmPkilov1,,,,,lmPkilov1,,,,lmPkilov1,,,,lmPkilov1,,
back_pkilo,lmPkilo,,,,,,,,,,,,,,,,
front_pkilo,lmPkilo,,,,,,,,,,,,,,,,
mag_pkilo,lmPkilo,,,,,,,,,,,,,,,,
rec_cpapa,piCpapa,piCpapav1,,,,piCpapav5,piCpapav1,,,,,,,,,,
ammo_cpapa,piCpapa,,,,,,,,,,,,,,,,
front_cpapa,piCpapa,,,,,,,,,,,,,,,,
rec_cpapa_stp,,,,,,,,,,,,,,,,,
rec_decho,piDecho,,,piDechov3,,,,,,,,,,,,,
mag_decho,piDecho,,,,,,,,,,,,,,,,
mktg:mag_decho,piDecho,,,,,,,,,,,,,,,,
mktg:rec_decho,piDecho,,,,,,,,,,,,,,,,
slide_decho,piDecho,,,,piDechov4,,,,,,,,,,,,
mktg:slide_decho,piDecho,,,,,,,,,,,,,,,,
triggrip_decho,piDecho,,,,,,,,,,,,,,,,
mktg:triggrip_decho,piDecho,,,,,,,,,,,,,,,,
rec_golf21,piGolf21,piGolf21v1,piGolf21v2,piGolf21v3,piGolf21v4,,,piGolf21v1,piGolf21v2,,,,,,piGolf21v5,,
mag_golf21,piGolf21,,,,,,,,,,,,,,,,
mktg:mag_golf21,piGolf21,,,,,,,,,,,,,,,,
mktg:rec_golf21,piGolf21,,,,,,,,,,,,,,,,
slide_golf21,piGolf21,piGolf21v1,piGolf21v3,piGolf21v3,piGolf21v4,,piGolf21v3,piGolf21v1,,,,,,,,,
mktg:slide_golf21,piGolf21,,,,,,,,,,,,,,,,
rec_mike1911,piMike1911,piMike1911v1,,,piMike1911v4,piMike1911v5,piMike1911v4,,,,,,,,,,
mag_mike1911,piMike1911,,,,,,,,,,,,,,,,
mag_mike1911_preorder,piMike1911,,,,,,,,,,,,,,,,
mktg:mag_mike1911,piMike1911,,,,,,,,,,,,,,,,
mktg:rec_mike1911,piMike1911,piMike1911v1,,,piMike1911v4,,,,,,,,,,,,
rec_mike1911_preorder,piMike1911,,,,,,,,,,,,,,,,
slide_mike1911,piMike1911,,,,,,,,,,,,,,,,
mktg:slide_mike1911,piMike1911,,,,,,,,,,,,,,,,
slide_mike1911_preorder,piMike1911,,,,,,,,,,,,,,,,
slide_tritium_mike1911,piMike1911,,,,,,,,,,,,,,,,
triggrip_mike1911,piMike1911,,,,,,,,,,,,,,,,
rec_papa320,piPapa320,,,,,,,,,,,,piPapa320v1,,,,
mag_papa320,piPapa320,,,,,,,,,,,,,,,,
mag_papa320_r,piPapa320r,,,,,,,,,,,,,,,,
rec_papa320_r,piPapa320r,,,,,,,,,,,,,,,,
slide_papa320,piPapa320,,,,,,,,,,,,piPapa320v1,,,,
slide_papa320_r,piPapa320r,,,,,,,,,,,,,,,,
rec_charlie725,shCharlie725,,,,,,,,,,,,,,,,
ammo_charlie725,shCharlie725,,,,,,,,,,,,,,,,
back_charlie725,shCharlie725,shCharlie725v1,,,,,shCharlie725v1,,,,,,,,,,
front_charlie725,shCharlie725,,,,,,,,,,,,,,,,
guard_charlie725,shCharlie725,,,,,,guardcustCharlie725v1,,,,,,,,,,
guardcust_charlie725,shCharlie725,guardcustCharlie725v1,,guardcustCharlie725v1,,,,,,,,,,,,,
guardlight_charlie725,guardlCharlie725,,,,,,,,,,,,,,,,
guardheavy_charlie725,guardsCharlie725,,,,,,,,,,,,,,,,
rec_dpapa12,shDpapa12,shDpapa12v2,shDpapa12v2,,shDpapa12v2,shDpapa12v2,shDpapa12v2,,shDpapa12v2,shDpapa12v2,shDpapa12v2,shDpapa12v2,shDpapa12v3,shDpapa12v4,shDpapa12v2,,
ammo_dpapa12,DefaultSequence,,,,,,,,,,,,,,,,
front_dpapa12,shDpapa12,,,,,,,,,,,,,,,,
mktg:front_dpapa12,shDpapa12,,,,,,,,,,,,,,,,
guard_dpapa12,shDpapa12,,,,,,,,guardDpapa12v1,,,,,guardDpapa12v1,,,
mktg:guard_dpapa12,shDpapa12,,,,,,,,,,,,,,,,
mktg:rec_dpapa12,shDpapa12,,,,,,,,,,,,,,,,
rec_oscar12,shOscar12,,,,,,,,,,,,,,,,
back_oscar12,shOscar12,,,,,,,stocksOscar12,,,,,,,,,
front_oscar12,shOscar12,,,,,,,,,,,,,,,,
mag_oscar12,shOscar12,,,,,,,,,,,,,,,,
rec_romeo870_mp,shRomeo870,shRomeo870v1,,,,,,,,,,,,,,,
ammo_romeo870,DefaultSequence,,,,,,,,,,,,,,,,
ammo_romeo870_preorder,DefaultSequence,,,,,,,,,,,,,,,,
back_romeo870,shRomeo870,shRomeo870v1,,shRomeov3,,,,,,,,,,,,,
back_romeo870_preorder,shRomeo870,,,,,,,,,,,,,,,,
front_romeo870,shRomeo870,shRomeo870v1,,,,,,,,,,,,,,,
front_romeo870_preorder,shRomeo870,,,,,,,,,,,,,,,,
grip_romeo870,shRomeo870,,,gripcust2Romeo870,,shRomeo870v1,,,,,,,,,,,
griprail_romeo870,griprailRomeo870,,,,,,,,,,,,,,,,
griprail_romeo870_preorder,griprailRomeo870,,,,,,,,,,,,,,,,
rec_romeo870_preorder,shRomeo870,,,,,,,,,,,,,,,,
rec_augolf,smAugolf,smAugolfv1,smAugolfv2,smAugolfv3,smAugolfv4,,smAugolfv3,smAugolfv3,smAugolfv3,,smAugolfv1,,,smAugolfv3,smAugolfv3,smAugolfv3,
front_augolf,smAugolf,smAugolfv1,,,,,,,,,,,,,,,
mag_augolf,smAugolf,smAugolfv1,,smAugolfv1,,,,calarAugolf,,,,,,,,,
toprail_augolf,smAugolf,,,,,,,,,,,,,,,,
rec_beta,smBeta,,,,,,,,,,,,,smBetav1,smBetav2,,
back_beta,smBeta,smBetav1,,,,,,,smBetav1,,,,,smBetav2,smBetav2,,
mktg:back_beta,smBeta,,,,,,,,,,,,,,,,
front_beta,smBeta,smBetav1,,,,,,,smBetav1,,,,,,,,
mktg:front_beta,smBeta,,,,,,,,,,,,,,,,
mag_beta,smBeta,,,,,,,,,,,,,,,,
mktg:mag_beta,smBeta,,,,,,,,,,,,,,,,
mktg:rec_beta,smBeta,,,,,,,,,,,,,,,,
rec_mpapa5,smMpapa5,smMpapa5v1,smMpapa5v2,smMpapa5v3,,,smMpapa5v1,,,,,,smMpapa5v1,,,,
back_mpapa5,smMpapa5,stocknoMpapa5,,stocknoMpapa5,,,,,,,,,,,,,
front_mpapa5,smMpapa5,barrailMpapa5v1,,barrailMpapa5v1,barrailMpapa5v1,barrailMpapa5v1,smMpapa5v6,,,,,,,barrailMpapa5v1,,,
mktg:front_mpapa5,smMpapa5,,,,,,,,,,,,,,,,
mag_mpapa5,smMpapa5,,,,,,,,,,,,,,,,
mktg:mag_mpapa5,smMpapa5,,,,,,,,,,,,,,,,
mktg:rec_mpapa5,smMpapa5,,,,,,,,,,,,,,,,
rec_mpapa7,smMpapa7,smMpapa7v1,,,,,,,,,,,,,,,
back_mpapa7,smMpapa7,smMpapa7v1,,,,,smMpapa7v6,,,,,,,,,,
front_mpapa7,smMpapa7,,,,,,,,,,,,,,,,
mag_mpapa7,smMpapa7,,,,,,,,,,,,,,,,
rec_papa90,smPapa90,smPapa90v1,smPapa90v1,smPapa90v1,smPapa90v1,smPapa90v1,smPapa90v1,smPapa90v1,smPapa90v1,smPapa90v1,smPapa90v1,,,,smPapa90v1,smPapa90v1,
front_papa90,smPapa90,smPapa90v1,smPapa90v1,smPapa90v1,smPapa90v1,,,,,,,,,,,,
mktg:front_papa90,smPapa90,,,,,,,,,,,,,,,,
mag_papa90,smPapa90,,,,,,,,,,,,,,,,
mktg:mag_papa90,smPapa90,,,,,,,,,,,,,,,,
mktg:rec_papa90,smPapa90,smPapa90v1,smPapa90v1,smPapa90v1,smPapa90v1,smPapa90v1,,,,,,,,,,,
rec_uzulu,smUzulu,,,,,,,,,,,,,,,,
back_uzulu,smUzulu,smUzuluv1,,smUzuluv1,,,,,,,,,,,,,
front_uzulu,smUzulu,smUzuluv1,,,,,,,,,,,,,,,
mag_uzulu,smUzulu,,,,,,,,,,,,,,,,
back_hdromeo,snHdromeo,snHdromeov1,,,,,,,,,,,,,,,
front_hdromeo,snHdromeo,,snHdromeov2,,,,,,,,,,,,,,
mag_hdromeo,snHdromeo,snHdromeov1,snHdromeov2,,,,,,,,,,snHdromeov3,,,,
rec_hdromeo,snHdromeo,,snHdromeov2,,,,,,,,,snHdromeov3,,,snHdromeov3,,
rec_alpha50,snAlpha50,snAlpha50v1,,,,,,,,,,,,,,,
back_alpha50,snAlpha50,snAlpha50v1,,,,,,,,,,,,,,,
front_alpha50,snAlpha50,,,,,,,,,,,,,,,,
mag_alpha50,snAlpha50,,,,,,,,,,,,,,,,
rec_delta,snDelta,snDeltav1,,,,,,snDeltav1,,snDeltav1,,,snDeltav2,,,,
back_delta,snDelta,snDeltav1,,,,,,,,snDeltav10,,,,,,,
front_delta,snDelta,,,,,,,,,,,,snDeltav1,,,,
mag_delta,snDelta,snDeltav1,,,,,,snDeltav1,,snDeltav1,,,snDeltav1,,,,
rec_kilo98,snKilo98,snKilo98v1,snKilo98v2,snKilo98v3,snKilo98v4,snKilo98v1,snKilo98v1,snKilo98v1,snKilo98v1,snKilo98v1,,snKilo98v1,snKilo98v5,snKilo98v5,snKilo98v1,,
front_kilo98,snKilo98,,,,snKilo98v4,,,,,snKilo98v4,,,,,,,
mktg:front_kilo98,snKilo98,,,,,,,,,,,,,,,,
mktg:rec_kilo98,snKilo98mktg,,,,,,,,,,,,,,,,
rec_mike14,snMike14,,,,,snMike14v5,,,,,,,,,,,
front_mike14,snMike14,snMike14v2,snMike14v3,snMike14v4,snMike14v4,,,,,,,,,,,,
mktg:front_mike14,snMike14,,,,,,,,,,,,,,,,
mag_mike14,snMike14,,,,,,,,,,,,,,,,
mktg:mag_mike14,snMike14,,,,,,,,,,,,,,,,
mktg:rec_mike14,snMike14,,,,,,,,,,,,,,,,
reargrip_mike14,snMike14,,,,,,,,,,,,,,,,
mktg:reargrip_mike14,snMike14,,,,,,,,,,,,,,,,
rec_sbeta,snSbeta,snSbetav1,,,,,,,snSbetav1,,snSbetav1,snSbetav1,snSbetav1,,snSbetav3,,
front_sbeta,snSbeta,snSbetav1,,,,,,,snSbetav1,,,,,,,,
stockh_falpha,stockhFalpha,stockhFalphav1,stockhFalphav2,,,,,,,,,,,,,,
stocks_falpha,stocksFalpha,stocksFalphav1,,,,,,,,,,,,,,,
stockcqb_Kilo98,stocksKilo98,,,,,,,,,,,,,,,,
stockh02_mike14,stockh02Mike14,,,,,,,,,,,,,,,,
barsil_mike4,barsilMike4,arMike4v5,,,,,,,,,,,,,,,
stockh03_mike14,stockh03Mike14,,,,,,,,,,,,,,,,
stocks_scharlie,,,,,,,,,,,,,,,,,
barmid_mike4_v2,barmidMike4v2,,,,,,,,,,,,,,,,
stockh_lima86_v2,stockhLima86v2,,,,,,,,,,,,,,,,
barshort_lima86_v2,barshortLima86v2,,,,,,,,,,,,,,,,
stockh_falpha_v2,stockhFalphav2,stockhFalphav2v1,stockhFalphav2v1,,,,,,,,,,,,,,
stocks_falpha_v2,stocksFalphav2,,,,,,,,,,,,,,,,
barshort_delta_v2,barshortDeltav2,,,,,,,,,,,,,,,,
barmid_delta_v2,barmidDeltav2,,,,,,,,,,,,,,,,
barlong_delta_v2,barlongDeltav2,,,,,,,,,,,,,,,,
snprscope_delta_v2,snprscopeDeltav1,snprscopeDeltav1,snprscopeDeltav1,,,,,,,,,,,,,,
stockh_kilo98_v2,stockhKilo98v2,,,stockhKilo98,,,,,,,,,,,,,
back_mgolf34,lmMgolf34,,,,,,,,,,,,,,,,
stockl_mgolf34,stocklMgolf34,,,,,,,,,,,,,,,,
stockh_mgolf34,stockhMgolf34,stockhMgolf34v1,stockhMgolf34v2,stockhMgolf34v1,,,,,,,,,,,,,
stocks_mgolf34,stocksMgolf34,,,,,,,,,,,,,,,,
stocks_papa90_v2,stocksPapa90v2,,,,,,,,,,,,,,,,
hybrid_west02_irons,hybridWest02,,,,,,,,,,,,,,,,
snprscope_mike14_ar_noirons,scopeMike14,,,,,,,,,,,,,,,,
stockh_delta_v2,snDeltav1,,,,,,,,,,,,,,,,
barmid_dpapa12_v2,barmidDpapa12v2,,,,,,,,,,,,,,,,
barshort_dpapa12_v2,barshortDpapa12v2,,,,,,,,,,,,,,,,
compsnpr_hdromeo,comp03,,,,,,,,,,,,,,,,
flashhidersnpr_hdromeo,flashhidersnpr_hdromeo,,,,,,,,,,,,,,,,
pistolgrip01_papa90_v2,pistolgripPapa90v2,,,,,,,,,,,,,,,,
pistolgrip02_papa90_v2,pistolgripPapa90v2,,,,,,,,,,,,,,,,
pistolgrip03_papa90_v2,pistolgripPapa90v2,,,,,,,,,,,,,,,,
pistolgrip01_mpapa5_v2,pistolgripMpapa5v2,,,,,,,,,,,,,,,,
pistolgrip02_mpapa5_v2,pistolgripMpapa5v2,,,,,,,,,,,,,,,,
pistolgrip03_mpapa5_v2,pistolgripMpapa5v2,,,,,,,,,,,,,,,,
pistolgrip01_kilo98_v2,pistolgripKilo98v2,,,,,,,,,,,,,,,,
pistolgrip02_kilo98_v2,pistolgripKilo98v2,,,,,,,,,,,,,,,,
pistolgrip03_kilo98_v2,pistolgripKilo98v2,,,,,,,,,,,,,,,,
pistolgrip01_mgolf34,pistolgripMgolf34,,,,,,,,,,,,,,,,
pistolgrip02_mgolf34,pistolgripMgolf34,,,,,,,,,,,,,,,,
pistolgrip03_mgolf34,pistolgripMgolf34,,,,,,,,,,,,,,,,
pistolgrip01_pkilo,pistolgripPkilo,,,,,,,,,,,,,,,,
pistolgrip02_pkilo,pistolgripPkilo,,,,,,,,,,,,,,,,
pistolgrip03_pkilo,pistolgripPkilo,,,,,,,,,,,,,,,,
pistolgrip01_pkilo_v2,pistolgripPkilov2,,,,,,,,,,,,,,,,
pistolgrip02_pkilo_v2,pistolgripPkilov2,,,,,,,,,,,,,,,,
pistolgrip03_pkilo_v2,pistolgripPkilov2,,,,,,,,,,,,,,,,
pistolgrip01_lima86,pistolgripLima86,,,,,,,,,,,,,,,,
pistolgrip02_lima86,pistolgripLima86,,,,,,,,,,,,,,,,
pistolgrip03_lima86,pistolgripLima86,,,,,,,,,,,,,,,,
acogsnpr_west02,acogWest02,,,,,,,,,,,,,,,,
acog_west02_delta,acogWest02,,,,,,,,,,,,,,,,
acog_west02_hdromeo,acogWest02,,,acogWest02v1,,,,,,,,,,,,,
barlong_dpapa12_v2,barlongDpapa12v2,barlongDpapa12v2,,,,,,,barlongDpapa12v2,,,,,,,,
pistolgrip02_sbeta,pistolgripSbeta,,,,,,pistolgripSbetav1,,,,,,,,,,
pistolgrip03_sbeta,pistolgripSbeta,,,,,,,,,,,,,,,,
stockh_sbeta_v2,stockhSbetav2,,,,,,,,,,,,,,,,
stocks_sbets_v2,stocksSbetav2,,,,,,,,,,,,,,,,
barshort_sbeta_v2,snSbetav1,,,,,,,,,,,,,,,,
thermalvz_delta,thermalScopeWest,,,,,,,,,,,,,,,,
barlong_scharlie_v2,barlongScharlie,,,barlongScharliev2,barlongScharliev2,barlongScharliev2,,,,,,,,,,,
reflex_west02_ironsfull,,,,,,,,,,,,,,,,,
hybrid_west01_irons,hybridWest01,,,,,,,,,,,,,,,,
stocks_augolf_v3,stocksAugolfv3,,stockhAugolf,,,,,stockhAugolf,,,,,,,,,
snprscope_mike14_v2,scopeMike14,,scopeMike14v2,,,,,,,,,,,,,,
front_dpapa12_v2,shDpapa12v2,,,,,,,,,,,,shDpapa12v3,,,,
rec_tango21,arTango21,,,,,,,,,,,,,,,,
back_tango21,arTango21,,,,,,,,,,,,,,,,
front_tango21,arTango21,,,,,,,,,,,,,,,,
mag_tango21,arTango21,,,,,,,,,,,,,,,,
barlong_tango21,barlongTango21,,,,,,,,,,,,,,,,
barmid_tango21,barmidTango21,barmidTango21v1,barmidTango21v1,,,,,,,,,,,,,,
barshort_tango21,barshortTango21,,,,,,,,,,,,,,,,
drums_tango21,drumsTango21,,,,,,,,,,,,,,,,
acog_west02_ironstall_tango21,acogWest02Irons,,,,,,,,,,,,,,,,
stockh_tango21,stockhTango21,,,,,,,,,,,,,,,,
stockl_tango21,stocklTango21,,,,,,,,,,,,,,,,
rec_mgolf36,lmMgolf36,lmMgolf36v1,,,,,,,,,,,,,,,
back_mgolf36,lmMgolf36,lmMgolf36v1,,,,,,,,,,,,lmMgolf36v1,,stocksMgolf36,
stockh_mgolf36,,,,,,,,,,,,,,,,,
stockl_mgolf36,,,,,,,,,,,,,,,,,
mag_mgolf36,,,,,,,,,,,,,,,,,
front_mgolf36,lmMgolf36,barlongMgolf36,,,,,,,,,,,,,,,
barlong_mgolf36,,,,,,,,,,,,,,,,,
barmid_mgolf36,,,,,,,,,,,,,,,,,
barshort_mgolf36,,,,,,,,,,,,,,,,,
stocks_mgolf36,,,,,,,,,,,,,,,,,
flashhider_uzulu,flashhiderUzulu,flashhiderUzuluv1,,,,,,,,,,,,,,,
thermal_delta,,,,,,,,,,,,,,,,,
calcust_mgofl36,calcustMgolf36,,,,,,,,,,,,,,,,
stocks_cpapa,,,,,,,,,,,,,,,,,
stockh_papa90_v2,stockhPapa90v2,,,,,,,,,,,,,,,,
silencersmg_west01_mpapa5,,,,,,,,,,,,,,,,,
slugs_oscar12,,,,,,,,,,,,,,,,,
guardheavy_dpapa12,,,,,,,,,,,,,,,,,
laserpstl_blue,laserpstl,laserpstlv1,laserpstlv2,laserpstlv3,laserpstlv4,laserpstlv5,,,,,,,,,,,
stockl_papa90,stocklPapa90,,,,,,,,,,,,,,,,
buck_cpapa,,,,,,,,,,,,,,,,,
trigcust_cpapa,,,,,,,,,,,,,,,,,
trigcust03_cpapa,,,,,,,,,,,,,,,,,
pistolgrip_pstl03_cpapa,,,,,,,,,,,,,,,,,
pistolgrip_pstl02_cpapa,,,,,,,,,,,,,,,,,
silencersleeve_hdromeo,,,,,,,,,,,,,,,,,
stockcust_hdromeo,,,,,,,,,,,,,,,,,
acog_west01_hdromeo,,,,,,,,,,,,,,,,,
thermal_hdromeo,,,,,,,,,,,,,,,,,
laserrangeshtgn_bar,,,,,,,,,,,,,,,,,
lasershtgn_bar,,,,,,,,,,,,,,,,,
slugs_charlie725,,,,,,,,,,,,,,,,,
barshort_mpapa5,,,,,,,,,,,,,,,,,
pistolgrip01_mpapa5,,,,,,,,,,,,,,,,,
pistolgrip02_mpapa5,,,,,,,,,,,,,,,,,
hybrid_thermal,,,,,,,,,,,,,,,,,
stockl_kilo98,,,,,,,,,,,,,,,,,
pistolgrip01_kilo98,,pistolgripKilo98v2,,,,,,,,,,,,,,,
pistolgrip02_kilo98,,pistolgripKilo98v2,,,,,,,,,,,,,,,
pistolgrip03_kilo98,,pistolgripKilo98v2,,,,,,,,,,,,,,,
laserbalancedsnpr_bar,,,,,,,,,,,,,,,,,
pistolgrip01_beta,,,,,,,,,,,,,,,,,
pistolgrip02_beta,,,,,,,,,,,,,,,,,
pistolgrip03_beta,,,,,,,,,,,,,,,,,
pistolgrip03_smgolf45,,,,,,,,,,,,,,,,,
laserbalanced_smg_papa90_v2,,,,,,,,,,,,,,,,,
laserrange_smg_papa90_v2,,,,,,,,,,,,,,,,,
lasersmg_papa90_v2,,,,,,,,,,,,,,,,,
pistolgrip02_mgolf36,,,,,,,,,,,,,,,,,
hybrid_thermal_ironstall,,,,,,thermalEast01v1,,,,,,,,,,,
reflex_mgolf36,,,,,,,,,,,,,,,,,
toprail_mgolf36,,,,,,,,,,,,,,,,,
hybrid_west03_ironstall,,,,,,,,,,,,,,,,,
pistolgrip02_scharlie,,,,,,,,,,,,,,,,,
hybrid_thermal_irons,,,,,,,,,,,,,,,,,
pistolgrip02_mcharlie,,,,,,,,,,,,,,,,,
pistolgrip_pstl02_golf21,,,,,,,,,,,,,,,,,
pistolgrip_pstl03_golf21,,,,,,,,,,,,,,,,,
trigcust02_golf21,,,,,,,,,,,,,,,,,
trigcust_golf21,,,,,,,,,,,,,,,,,
acog_west01_ironsfull,,,,,,,,,,,,,,,,,
reflex_east01_ironsfull,,,,,,,,,,,,,,,,,
brake_augolf,,,,,,,,,,,,,,,,,
stockl_falpha,,,,,,,,,,,,,,,,,
pistolgrip01_alpha50,,,,,,,,,,,,,,,,,
pistolgrip02_alpha50,,,,,,,,,,,,,,,,,
flashhidersnpr_alpha50,,,,,,,,,,,,,,,,,
trigcust_papa320,,,,,,,,,,,,,,,,,
trigcust02_papa320,,,,,,,,,,,,,,,,,
trigcust03_papa320,,,,,,,,,,,,,,,,,
pistolgrip_pstl02_mike1911,,,,,,,,,,,,,,,,,
pistolgrip_pstl03_mike1911,,,,,,,,,,,,,,,,,
trigcust_mike1911,,,,,,,,,,,,,,,,,
trigcust02_mike1911,,,,,,,,,,,,,,,,,
trigcust03_mike1911,,,,,,,,,,,,,,,,,
front_akilo47_mp,arAkilo47,,,,,,,,,,,,,,,,
trigcust_decho,,,,,,,,,,,,,,,,,
trigcust02_decho,,,,,,,,,,,,,,,,,
trigcust03_decho,,,,,,,,,,,,,,,,,
barcust2_uzulu,,,,,,,,,,,,,,,,,
calcust_uzulu,,,,,,,,,,,,,,,,,
rec_uzulu_mp,smUzulu,,,,,,,,,,,,,,,,
ub_mike203_mini,,,,,,,,,,,,,,,,,
armsh_crossbow,,,,,,,,,,,,,,,,,
rec_crossbow,,,,,,,,,,,,,,,,,
rec_mike26,,,,,,,shMike26v1,,,,,,,,,,
stockl_papa90_v2,,,,,,,,,,,,,,,,,
pistolgrip_pstl02_cpapa_v2,,,,,,,,,,,,,,,,,
acog_west01_delta,,,,,,,,,,,,,,,,,
barmid_mike4_mpv2,barmidMike4v2,,,,barmidMike4v2,barmidMike4v5,,,,barmidMike4v4,,,,,,,
pistolgrip02_mpapa7_v2,,,,pistolgripMpapa7v2,,,,,,,,,,,,,
calcust_mcharlie,,,,,,,,,,,,,,,,,
rec_mpapa5_mp,smMpapa5,smMpapa5v1,smMpapa5v2,smMpapa5v3,,,smMpapa5v1,,,,smMpapa5v1,,,,,,
barmid_romeo870,shRomeo870,barmidRomeo870,,,,,,,,,,,,,,,
rec_kilo433a,arKilo433,,,,,,arKilo433v1,,,,,,,,,,
front_kilo433a,arKilo433,arKilo433v1,,,,,,,,,,,,,,,
calcust_mgolf36,,,,,,,,,,,,,,,,,
pistolgrip01_kilo433,,,,,,,,,,,,,,,,,
pistolgrip02_kilo433,,,,,,,,,,,,,,,,,
pistolgrip03_kilo433,,,,,,,,,,,,,,,,,
silencersleeveshtgn_mp,silencerCharlie72502,silencersleeveshtgnv1,,silencersleeveshtgnv1,,,,,,,,,,,,,
xtube_romeo870_mp,,,,,,,,,,,,,,,,,
vertmags_caldb_romeo870,,,,,,,,,,,,,,,,,
stockno_akilo47,,,,,,,,,,,,,,,,,
gripang_oscar12,,,,,,,,,,,,,,,,,
barcust2_akilo47,,,barcust2Akilo47v1,,,,,,,,,,,,,,
pistolgrip01_akilo47,,,,,,,,,,,,,,,,,
pistolgrip01_tango21,,,,,,,,,,,,,,,,,
pistolgrip02_tango21,,,,,,,,,,,,,,,,,
pistolgrip03_tango21,,,,,,,,,,,,,,,,,
xmags_tango21,,,,,,,,,,,,,,,,,
pistolgrip03_sierra552,,,,arSierra552v1,arSierra552v1,,,,,,,,,,,,
barshort_sierra552,,,,,barshortSierra552v1,,,,,,,,,,,,
barxlong_sierra552,,,barxlongSierra552v1,barxlongSierra552v1,barxlongSierra552v1,barxlongSierra552v1,barxlongSierra552v2,barxlongSierra552v2,,,,,,,,,
stockno_sierra552,,,,,,,,,,,,,,,,,
stocks_tango21,,,,,,,,,,,,,,,,,
gripangprosmg,,,,,,,,,,,,,,,,,
pistolgrip01_augolf,,,,,,,,,,,,,,,,,
pistolgrip02_augolf,,,,,,,,,,,,,,,,,
pistolgrip03_augolf,,,,,,,,,,,,,,,,,
barcust_papa90_mp,,,,,,,,,,,,,,,,,
gripvertpro_papa90,,,,,,,,,,,,,,,,,
griphip_papa90,,,,,,,,,,,,,,,,,
gripvertsmg_papa90,,,,,,,,,,,,,,,,,
pistolgrip01_papa90,,,,,,,,,,,,,,,,,
pistolgrip02_papa90,,,,,,,,,,,,,,,,,
pistolgrip03_papa90,,,,,,,,,,,,,,,,,
stockh_papa90,,,,,,,,,,,,,,,,,
comp_mpapa5,,,,,,,,,,,,,,,,,
reflex_west01_ironsfull,,,,,,,,,,,,,,,,,
acog_east01_ironsfull,,,,,,,,,,,,,,,,,
holo_west02_smg,,,,,,holoWest02v1,,,,,,,,,,,
stockl_augolf,,,,,,,,,,,,,,,,,
holo_west02_lmg,,,holoWest02v1,,,,,,,,,,,,,,
pistolgrip01_uzulu,,,,,,,,,,,,,,,,,
pistolgrip02_uzulu,,,,,,,,,,,,,,,,,
Pistolgrip03_uzulu,,,,,,,,,,,,,,,,,
stocks_crossbow,,,,,,,,,,,,,,,,,
boltfire_crossbow,,,,,,,,,,,,,,,,,
boltexplo_crossbow,,,,,,,,,,,,,,,,,
boltstun_crossbow,,,,,,,,,,,,,,,,,
wireh_crossbow,,,,,,,,,,,,,,,,,
wirel_crossbow,,,,,,,,,,,,,,,,,
compdmr,,,,,,,,,,,,,,,,,
pistolgrip06_mike14,,,,,,,,,,,,,,,,,
pistolgrip04_mike14,,,,,,,,,,,,,,,,,
complmg,,,,,,,,,,,,,,,,,
smags_smgolf45,,,,,,,,,,,,,,,,,
xmagslrg_smgolf45,,,,,,,,,,,,,,,,,
stockl_smgolf45,,,,,,,,,,,,,,,,,
barlong_smgolf45,,,,,,,,,,,,,,,,,
barshort_smgolf45,,,,,,,,,,,,,,,,,
barmid_smgolf45,,,,,,,,,,,,,,,,,
stockh_smgolf45,,,,,,,,,,,,,,,,,
stockcqb_smgolf45,,,stockcqbSmgolf45v1,stockcqbSmgolf45v1,,,,,,,,,,,,,
gripvertprolmg,,,,,,,,anim128,,,,,,,,,
silencerbalanced_mpapa5,,,,,,,,,,,,,,,,,
silencersleeve_mpapa5,,,,,,,,,,,,,,,,,
pistolgrip01_dpapa12,,,,,,,,,,,,,,,,,
pistolgrip02_dpapa12,,,,,,,,,,,,,,,,,
pistolgrip03_dpapa12,,,,,,,,,,,,,,,,,
flashhider_kilo121,,,,,,,,,,,,,,,,,
pistolgrip01_mpapa7,,,,,,,,,,,,,,,,,
pistolgrip02_mpapa7,,,,,,,,,,,,,,,,,
pistolgrip03_mpapa7,,,,,,,,,,,,,,,,,
laserrangeshtgn,,,,,,,,,,,,,,,,,
pistolgrip06_sksierra,,,,,,,,,,,,,,,,,
acog_west02_ironstall,,,,,,,,,,,,,,,,,
rec_mike4a,arMike4,arMike4v1,,arMike4v3,,,,,arMike4v1,,,,,,,,
mag_mike4a,,,,,,,,,,,,,,,,,
rec_smgolf45,smSmgolf45,,,smSmgolf45v1,,smSmgolf45v2,smSmgolf45v2,smSmgolf45v2,,,smSmgolf45v2,smSmgolf45v2,,,,,
pistolgrip01_smgolf45,,,,,,,,,,,,,,,,,
mag_smgolf45,,,,,,,,,,,smSmgolf45v1,smSmgolf45v1,,,,,
back_smgolf45,,,,,,smSmgolf45v1,smSmgolf45v1,,,,,,,,,,
pistolgrip_pstl03_mike9,,,,,,,,,,,,,,,,,
xmagslrg_mike9,,,,,,,,,,,,,,,,,
mag_kilo433a,magKilo433,,,,,,,,,,,,,,,,
stocks_romeo870_v2,stocksRomeo870,,,,,,,,,,,,,,,,
rec_romeo870a,shRomeo870,shRomeo870v1,,shRomeo870v3,,shRomeo870v2,shRomeo870v2,shRomeo870v3,,,,,,,,,
stockh_augolf_v3,stockhAugolf,,,,,,,,,,,,,,,,
rec_sierra552,,arSierra552v1,,,,,,,,,arSierra552v1,,,,arSierra552v1,arSierra552v1,
barheavy_sierra552,,,,,,,,,,,,,,,,,
stockh_sierra552,,,,stockhSierra552v1,stockhSierra552v1,stockhSierra552v1,,,,,,,,,,,
xmagslrg_sierra552,,,,xmagslrgSierra552v1,xmagslrgSierra552v1,xmagslrgSierra552v1,xmagslrgSierra552v1,xmagslrgSierra552v1,,,,,,,,,
front_mike14_mp,snMike14,snMike14v2,snMike14v3,snMike14v4,snMike14v4,,,,,,,,,,barlongMike14,,
rec_mike14_mp,snMike14,,,,,snMike14v5,,,,,,,,,,,
rec_augolfa,,,smAugolf,,,,,,,,,,,,,,
rec_mpapa5_mpa,,,smMpapa5v1,smMpapa5v3,,,,,,,,,,,,,
front_mpapa5a,,,,,,,,,,,,,,,,,
stockno_mpapa5_v2,,,,,,,,,,,,,,,,,
rec_papa320a,,,,,,,,,piPapa320v2,,,,,,,,
pistolgrip03_sksierra,,,,,,,,,,,,,,,,,
pistolgrip02_mike4_v2,,,,,,,,,,,,,,,,,
rec_akilo47a,,,,,,,,,,arAkilo47v2,,,,,,,
pistolgrip01_falpha_v2,,,,,,,,,,,,,,,,,
rec_galima,,,,,,,,arGalimav1,arGalimav1,,,,,,,,
barshort_galima,,,,,,,,,,,,,,,,,
stockl_sierra552,,,arSierra552v2,arSierra552v2,,,,,,,,,,,,,
rec_papa90a,,,,,,,,,,,,,,,,,
silencerbalancedsmg,,,,,,,,,,,,,,,,,
reargrip_sksierra,,,,,,,,,,,,,,,,,
me_knife,,,,,,,,,,,,,,,,,
me_knifea,,,,,,,,,,,,,,,,,
me_knifeb,,,,,,,,,,,,,,,,,
me_knifec,,,,,,,,,,,,,,,,,
me_hatchet,,,,,,,,,,,,,,,,,
me_hatchet02,,,,,,,,,,,,,,,,,
me_hatchet03_iceaxe,,,,,,,,,,,,,,,,,
me_hatchet04,,,,,,,,,,,,,,,,,
mag_sierra552,,arSierra552v1,,,,,,,,,,,,,,arSierra552v1,
rec_pkiloa,,,lmPkilov1,,,,,,,,,,,,,,
rec_xmike109,,,,,,,,,,,,,,,,,
mag_xmike109,,,,,,,,,,,,,,,,,
mag_pkiloa,,,,,,,,,,,,,,,,,
front_mike4a,,,,,,,,,,,,,,,,,
me_sword,,,,,,,,,,,,,,,,,
me_kalistick,,,,,,,,,,,,,,,,,
stockcqb_kilo98_v2,stockcqbKilo98,,,,,,,,,,,,,,,,
rec_oscar12a,,shOscar12v1,,,,,,,,,,,,,,,
back_oscar12a,,shOscar12v1,,,,,,,,,,,,,,,
mag_oscar12a,,,,,,,,,,,,,,,,,
gripvertpro_uzulu,,,,,,,,,,,,,,,,,
mag_mike26,,,,,,,,,,,,,,,,,
front_mike26,,,,,,,,,,,,,,,,,
back_mike26,,,,,,,shMike26v1,,,,,,,,,,
rec_sierra552a,,,arSierra552v1,arSierra552v1,arSierra552v1,arSierra552v1,,,,,,,,,,,
back_sierra552a,arSierra552v1,,,,arSierra552v1,arSierra552v1,,,,,arSierra552v1,,,,,,
mag_sierra552a,,,,arSierra552v1,arSierra552v1,arSierra552v1,arSierra552v1,,,,,,,,,,
triggrip_sierra552a,,,arSierra552v2,arSierra552v2,arSierra552v2,arSierra552v2,,,,,,,,,,,
barlight_sierra552,,,,,,,,,,,,,,,,,
rec_victor,,,,,,,,,,,,,,,,,
barlong_victor,,,,,,,,,,,,,,,,,
drums_victor,,,,,,,,,,,,,,,,,
stocks_victor,,,,,,,,,,,,,,,,,
stockno_romeo870_v2,,,,,shRomeo870v2,,,,,,,,,,,,
rec_mpapa5_mpa,smMpapa5v4,,smMpapa5v4,,,,,,,,,,,,,,
pistolgrip03_victor,,,,,,,,,,,,,,,,,
silencerbalanced_asierra12,silencerAsierra12v2,,,,,,,,,,,,,,silencerAsierra12v2,,
gripang_augolf,,,,,,,,gripAngv1,,,,,,,,,
back_sierra552,,arSierra552v1,,,,,,,,,arSierra552v1,,,,arSierra552v1,,
gripang_sierra552,,,,,,,,,,gripAngv1,,,,,,,
xmags_sierra552,,,,,arSierra552v1,,,,,,,,,,,,
rec_mike4b,,,,,,,,,,,,,,,,,
rec_sbetaa,snSbetav2,snSbetav2,snSbeta,,,,,,,,,,,,,,
triggrip_sierra552,,,,,,,,,,,,,,,arSierra552v1,arSierra552v1,
rec_uzulu_mpa,,,,,,,,,,,,,,,,,
back_uzulua,smUzulu,smUzuluv1,,smUzuluv1,,,,,,,,,,,,,
front_sierra552,,arSierra552v1,,,,,,,,,,,,,,,
laserbalanced_papa320,,,,,laserpstlv8,laserpstlv8,,,,laserpstlv6,,,laserpstl04v1,,,,
pistolgrip01_kilo121,,,,,,,,,,,,,,,,,
pistolgrip02_kilo121,,,,,,,,,,,,,,,,,
pistolgrip03_kilo121,,,,,,,,,,,,,,,,,
rec_sksierra,,,,,,,snSksierrav1,,,snSksierrav1,,,,,,,
barlong_sksierra,,,,,,,,,,,,,,,,,
xmags_sksierra,,,,,,,,,,,,,,,,,
rec_cpapaa,,,,,,,piCpapav1,,,,,,,,,,
rec_mpapa7a,,smMpapa7v1,,,,,,smMpapa7v1,,,,,,,,,
back_mpapa7a,,smMpapa7v2,,smMpapa7v2,smMpapa7v2,,,,,,,,,,,,
barlong_falpha_mp,,,,,,,,,,,,,,,,,
gripside_oscar12a,,,,,,,,,,,,,,,,,
rec_mike1911a,,piMike1911v5,piMike1911v6,,piMike1911v3,,piMike1911v2,,,,,,,,,,
rec_charlie9,,,,,,,,,,,,,,,,,
triggrip_charlie9,,,,,,,,,,,,,,,,,
stockl_charlie9,,stocklCharlie9v1,,,,,,,,,,,,,,,
barlong_charlie9,,,,,,,,,,,,,,,,,
pistolgrip02_falima,,,,,,pistolgripFalimav1,,,,,,,,,,,
mag_akilo47_mp,,,,,,,,,,,,,,,,,
silencerbalanced_east02_akilo47,,,silencerEast02v1,silencerEast02v1,,,,,,,,,,,,,
barlmg_akilo47_mp,,,,,,,,,,,,,,,,,
stockcqb_sbeta_v2,,,,,,,,,,,,,,,,,
pistolgrip_sbeta_v2,,,,,,,,,,,,,,,,,
laserbalancedsnpr,,,,,,,,,,,,laserv1,,,,,
rec_dpapa12a,shDpapa12v3,,,,,,,,,,,,,,,,
guard_dpapa12a,,,,,,,,,,,,,,,,,
gripang_mike4,,,gripAngv1,,,,,,,,,,,,,,
back_xmike109,,,,,,,,,,,,,,,,,
vzscope_xmike109,,,,,,,,,,,,,,,,,
calcust1_xmike109,,,,,,,,,,,,,,,,,
guard_charlie725a,,,,,,,,,,,,,,,,,
front_romeo870a,,,,,,shRomeo870v1,,,,,,,,,,,
back_romeo870a,,,,,,,,,,,,,,,,,
grip_romeo870a,,,,shRomeo870v2,,shRomeo870v2,shRomeo870v2,,,,,,,,,,
rec_charlie725a,,,,,,,,,,,,,,,,,
rec_mike14_mpa,,,,,,,,,,,,,,,,,
reargrip_mike14a,,,snMike14v1,,,,,,,,,,,,,,
rec_mkilo3,,,,,,,,,,,,,,,,,
back_mkilo3,,,,,,,,,,,,,,,,,
mag_mkilo3,,,,,,,,,,,,,,,,,
barlong_mkilo3,,,,,,,,,,,,,,,,,
pistolgrip02_beta_v2,pistolgripBetav1,,,,,,,,,,,,,,,,
stockl_cpapa,,,,,,,,,,,,,,,,,
rec_sierrax,,,,,,,,,,,,,,,,,
stocksaw_sierrax,,,,,,,,,,,,,,,,,
barlong_sierrax,,,,,,,,,,,,,,,,,
pistolgrip02_falpha_v2,,,,,,,,,,,,,,,,,
me_knife,,,,,,,,,,,,,,,,,
me_t9knifea,,,,,,,,,,,,,,,,,
smags_mkilo3,xmagsMkilo3,,,,,,,,,,,,,,,,
barlong_mkilo3,barlongMkilo3,,,,,,,,,,,,,,,,
pistolgrip02_mkilo3,pistolgripMkilo3,lmKilo121v1,,,,,,,,,,,,,,,
baradlong_sierrax,,,,,,,,,,,,,,,,,
baradlight_sierrax,,,,,,,,,,,,,,,,,
rec_augolf_mp,,,smAugolfv3,smAugolfv3,,,smAugolfv3,smAugolfv3,smAugolfv3,smAugolfv3,,,,smAugolfv3,smAugolfv3,smAugolfv3,
mag_mike1911a,,,,,piMike1911v1,,,,,,,,,,,,
rec_golf21a,,,,,,piGolf21v5,,,,,,,,,,,
rec_asierra12a,,arAsierra12v4,,,,,,,,,,,,,,,
front_asierra12a,,,,,,,,,,,,,,,,,
mag_asierra12a,,,,,,,,,,,,,,,,,
rec_falimaa,,,,,,,,,,,,,,,,,
back_falimaa,,,,,,,,,,,,,,,,,
mag_falimaa,,,,,,,,,,,,,,,,,
pistolgrip03_falima,,pistolgripFalimav1,,,,,,,,,,,,,,,
stockno_mkilo3,,,,,,,,,,,,,,,,,
drums_mkilo3,,,,,,,,,,,,,,,,,
front_mkilo3,,,,,,lmMkilo3v1,,,,,,,,,,,
rec_dechoa,,,piDechov1,,,,,,,,,,,,,,
barlong_mike26,,,,barlongMike26v1,,,,,,,,,,,,,
caldb_mike26,,,shMike26v1,,,,,,,,,,,,,,
stockcqb_charlie9,,,,,,,,,,,,,,,,,
barsil_charlie9,,,,,,,,,,,,,,,,,
gripang_charlie9,gripangCharlie9,gripAngv1,,,,,,,,,,,,,,,
drums_charlie9,,,,,,,,,,,,,,,,,
pistolgrip03_charlie9,,,,,,,,,,,,,,,,,
back_mpapa5a,,,,,,,,,,,,,,,,,
mag_mpapa5a,,,,,,,,,,,,,,,,,
mag_mpapa7a,,,,,,,,,,,,,,,,,
silencersleevesmg,,,,,,,,,,,,,,,,,
front_victor,,,,,,smVictorv2,,,,,,,,,,,
stocksn_victor,,,,,,,,,,,,,,,,,
silencer2_victor,,,,,,,,,,,,,,,,,
front_crossbow,,,,,,,,,,,,,,,,,
barheavy_romeo700,barhvyromeo700,,,,,,,,,,,,,,,,
barsil_romeo700,barsilRomeo700,,,,,,,,,,,,,,,,
barlong_romeo700,barlongRomeo700,,,,,,,,,,,,,,,,
stocks_romeo700,stocksRomeo700,,,,,,,,,,,,,,,,
stockh_romeo700,stockhRomeo700,,,,,,,,,,,,,,,,
stocksn_romeo700,stocksnRomeo700,,,,,,,,,,,,,,,,
stockskel_romeo700,stockskelRomeo700,,,,,,,,,,,,,,,,
back_romeo700,snRomeo700,,,,,,,,,,,,,,,,
boltaction_romeo700,snRomeo700,,,,,,,,,,,,,,,,
front_romeo700,snRomeo700,,,,,,,,,,,,,,,,
mag_romeo700,snRomeo700,,,,,,,,,,,,,,,,
rec_romeo700,snRomeo700,,,,,,,,,,,,,,,,
back_akilo47_mpa,,,,,,,,,,,,,,,,,
stocksn_galima,,,,,,,,,,,,,,,,,
smags_galima,,,,,,,,,,,,,,,,,
barlong_galima,,,,barlongGalimav1,barlongGalimav1,,,,,,,,,,,,
hybrid_west01ar,,hybridWest01v1,,,,,,,,,,,,,,,
silencerbalanced_sierra552,,,,,,,,,,,,,,,,,
rec_valpha,,,,,,,,,,,,,,,,,
front_valpha,,,,,,,,,,,,,,,,,
back_valpha,,,,,,,,,,,,,,,,,
mag_valpha,,,,,,,,,,,,,,,,,
barshort_valpha,,,,,,,,,,,,,,,,,
barlight_valpha,,,,,,,,,,,,,,,,,
barheavy_valpha,,,,,,,,,,,,,,,,,
stockh_valpha,,,,,,,,,,,,,,,,,
stockskel_valpha,,,,,,,,,,,,,,,,,
stocksnip_valpha,,,,,,,,,,,,,,,,,
stocks_valpha,,,,,,,,,,,,,,,,,
xmags_valpha,,,,,,,,,,,,,,,,,
smags_valpha,,,,,,,,,,,,,,,,,
pistolgrip01_valpha,,,,,,,,,,,,,,,,,
pistolgrip02_valpha,,,,,,,,,,,,,,,,,
pistolgrip03_valpha,,,,,,,,,,,,,,,,,
front_mpapa7a,,smMpapa7v1,,,,,,,,,,,,,,,
pistolgrip03_mpapa7_v2,,pistolgripMpapa7v2,,,,,,,,,,,,,,,
barlong_tango21_v2,,,,,,,,,,,,,,,,,
gripang_tango21,,gripAngv1,,gripAngv1,,,,,,,,,,,,,
silencerbalancedlmg,,,,,,,,,,,,,,,,,
calar_augolf_shdw,,,,,,,,,,,,,,,,,
gripvertprosmg,,,,,,,,,,gripAugolf,,,,,,,
gripangprolmg,,gripAngv1,,,,,,,,,,,,,,,
silencersleeve_akilo47,,silencerEast03v1,,,,,,,,,,,,,,,
barmid_charlie9,,,barmidCharlie9v1,,,,,,,,,,,,,,
rec_anovember94,,,,,,,,,,,,,,,,,
back_anovember94,,,,,,,,,,,,,,,,,
brake_anovember94,,,,,,,,,,,,,,,,,
barlong_anovember94,,,,,,,,,,,,,,,,,
stockl_galima,,,stocklGalimav1,,,,,,,,,,,,,,
front_galima,,,,,,,,,,,,,,,,,
rec_mcharliea,,,,,,,,,,,,,,,,,
back_mcharliea,,,,,,,,,,,,,,,,,
mag_mcharliea,,,,,,,,,,,,,,,,,
gripvertpro_mcharlie,,,,,gripvertprov1,,,,,,,,,,,,
mag_mike4b,,,,,,,,,,,,,,,,,
rec_scharliea,,,,,,,,,,,,,,,,,
mag_scharliea,,,,,,,,,,,,,,,,,
pistolgrip02_sierra552,,,arSierra552v2,arSierra552v2,,,,,,,,,,,,,
barlong_sierra552,,,barlongSierra552v1,barlongSierra552v1,barlongSierra552v1,,,,,,,,,,,,
ubshtgn_mini,,,,,,,,,,,,,,,,,
custscope_valpha,,,,,,,,,,,,,,,,,
silencersleevelmg,,,,,,,,,,,,,,,,,
pistolgrip03_lima86_v2,,,,,,,,,,,,,,,,,
back_sierrax,,,,,,,,,,,,,,,,,
mag_sierrax,,,,,,,,,,,,,,,,,
snprscope_xmike109,,,,,,,,,,,,,,,,,
stockl_xmike109,,,,,,,,,,,,,,,,,
barbull_xmike109,,,,,,,,,,,,,,,,,
calcust2_xmike109,,,,,,,,,,,,,,,,,
stocks_xmike109,,,,,,,,,,,,,,,,,
silencerbalanced_xmike109,,,,,,,,,,,,,,,,,
front_sksierra,,,,,,,,,,,,,,,,,
mag_sksierra,,,,,,,,,,,,,,,,,
snprscope_sksierra,,,,,,,,,,,,,,,,,
pistolgrip04_sksierra,,,,,,,,,,,,,,,,,
jubrid_thermal,,,,,,,,,,,,,,,,,
calcust1_romeo700,,,,,,,,,,,,,,,,,
vzscope_romeo700,,,,,,,,,,,,,,,,,
barsil_victor,,,,,,,,,,,,,,,,,
pistolgrip02_victor,,,,,,,,,,,,,,,,,
silencer_east01_akilo47,,,,,,,,,,,,,,,,,
front_mcharliea,,,,,,,,,,,,,,,,,
hybrid_west03_irons,,,,,,,,,,,,,,,,,
slide_golf21a,,,,,,,,,,,,,,,,,
mag_golf21a,,,,,,,,,,,,,,,,,
minireddot_tall_smg,,,,,,,,,,,,,,,,,
xmags_charlie9,,,,,,,,,,,,,,,,,
laserbalanced_sierra552,,,,,,,,,,,,,,,,,
stockskel_anovember94,,,,,,,,,,,,,,,,,
toprail_asierra12a,,,,,,,,,,,,,,,,,
triggrip_smgolf45,,,,,,,,,,,smSmgolf45v1,smSmgolf45v1,,,,,
rec_hdromeoa,,,,,,,,,,,,,,,,,
laserbalanced_mike9,,,laserpstl04v1,,,,,,,,,,,,,,
me_t9loadout,,,,,,,,,,,,,,,,,
me_t9sledgehammer,,,,,,,,,,,,,,,,,
me_t9wakizashi,,,,,,,,,,,,,,,,,
barrel_ar_t9fastfire01,,barlongarT9fastfire,,,,,,,,,,,,,,,
heavy_sm_t9heavy01,,smT9heavyv5,smT9heavy,,,,,,,,,,,,,,
front_sm_t9handling,,,smT9handling,smT9handling,,smT9handling,,smT9handling,smT9handling,smT9handling,smT9handling,,,,,,
mixbarrel_ar_t9mobility01,,barshortarT9mobility,,,,,,,,,,,,,,,
heavy_pi_t9revolver01,,barmixpiT9revolver,,,,,,,,,,,,,,,
mixbarrel_sm_t9burst02,,smT9burstv2,,,,,,,,,,,,,,,
mixbarrel_sm_t9capacity01,,barmixsmT9capacity,,,,,,,,,,,,,,,
barrel_sm_t9handling02,,barlongsmT9handling,,,,,,,,,,,,,,,
mixbarrel_pi_t9semiauto01,,piT9semiauto,,,,,,,,,,,,,,,
mixbarrel_ar_t9fasthandling02,,barshortarT9fasthandling,,,,,,,,,,,,,,,
heavy_ar_t9damage02,,,arT9damagev3,arT9damagev3,arT9damagev3,,,,,,,,,,,,
heavy_sn_t9damagesemi01,,,snT9damagesemi,,,,,,,,,,,,,,
front_sh_t9semiauto,,shT9semiauto,shT9semiauto,shT9semiauto,,,shT9semiauto,,,,,,,,,,
front_sh_t9pump,,,,shT9pump,,,shT9pump,shT9pump,,,,,,,,,
front_sn_t9damagesemi,,,,,,,,snT9damagesemi,,,,,,,,,
heavy_lm_t9light01,,lmT9rpapa,lmT9rpapav3,,,,,,,,,,,,,,
slide_pi_t9semiauto,,,,piT9semiauto,,,barshortpiT9semiauto,,,,,,,,,,
mixbarrel_sn_t9standard02,,snT9standard,,,,,,,,,,,,,,,
mixbarrel_sh_t9pump01,,shT9pump,shT9pump,,,,,,,,,,,,,,
heavy_sm_t9standard01,,barshortsmT9standard,,,,,,,,,,,,,,,
front_ar_t9longburst,,arT9longburstv2,barlongarT9longburst,arT9longburstv4,arT9longburstv2,arT9longburst,arT9longburstv7,,arT9longburstv2,arT9longburstv2,,,,,,,
barrel_ar_t9standard01,,barlongarT9standard,,,,,,,,,,,,,,,
front_sm_t9burst,,,smT9burstv2,,smT9burstv2,smT9burstv2,,,smT9burstv2,,,,,,,,
heavy_ar_t9longburst01,,arT9longburstv7,,,,,,,,,,,,,,,
heavy_sn_t9quickscope01,,snT9quickscope,,,,,,,,,,,,,,,
mixbarrel_ar_t9damage02,,barlongarT9damage,,,,,,,,,,,,,,,
rec_t9accurate,,arT9accuratev2,arT9accuratev2,arT9accuratev2,arT9accuratev2,arT9accuratev2,arT9accuratev2,arT9accuratev7,arT9accuratev2,arT9accuratev2,,,,,,,
mixbarrel_ar_t9accurate02,arT9accurate,arT9accuratebarxlongv7,,,,,,,,,,,,,,,
barrel_sm_t9burst02,,barlongsmT9burst,,,,,,,,,,,,,,,
heavy_sh_t9pump02,,barshortshT9pump,barshortshT9pump,barshortshT9pump,barshortshT9pump,,,,,,,,,,,,
barrel_sm_t9capacity01,,barmixsmT9capacity,,,,,,,,,,,,,,,
front_ar_t9mobility,,,arT9mobility,,,,,,,,,,,,,,
mixbarrel_pi_t9revolver01,,piT9revolver,,,,,,,,,,,,,,,
front_ar_t9standard,,,arT9standardv4,arT9standardv4,,arT9standardv4,arT9standardv4,arT9standardv4,arT9standardv10,arT9standardv10,arT9standard,arT9standard,,,,,
barrel_sh_t9fullauto02,,barmixshT9fullauto,,,,,,,,,,,,,,,
heavy_sm_t9heavy02,,smT9heavyv5,smT9heavy,smT9heavyv5,,,,,,,,,,,,,
rec_ar_t9standard,,,arT9standardv4,arT9standardv4,arT9standardv4,arT9standardv4,,,arT9standardv4,arT9standardv4,arT9standardv4,arT9standardv4,,,,,
barrel_sm_t9standard01,,barshortsmT9standard,,,,,,,,,,,,,,,
barrel_lm_t9light02,,lmT9rpapav7,,,,,,,,,,,,,,,
barrel_sn_t9damagesemi02,,barshortsnT9damagesemi,,,,,,,,,,,,,,,
front_ar_t9fastfire,,arT9fastfire,arT9fastfire,,arT9fastfire,arT9fastfire,arT9fastfire,arT9fastfire,arT9fastfire,,,,,,,,
heavy_lm_t9light02,,lmT9rpapav3,,,,,,,,,,,,,,,
heavy_pi_t9revolver02,,barshortpiT9revolver,,,,,,,,,,,,,,,
heavy_sn_t9damagesemi02,,snT9damagesemi,,,,,,,,,,,,,,,
heavy_sh_t9fullauto02,,shT9fullautov2,,,,,,,,,,,,,,,
front_sm_t9capacity,,smT9capacity,,,,smT9capacity,smT9capacity,,smT9capacity,,,,,,,,
front_sm_t9fastfire,,smT9fastfire,,,,,,,,,,,,,,,
barrel_ar_t9longburst01,,arT9longburstv8,barshortarT9longburst,,,,,,,,,,,,,,
front_t9light,,,lmT9rpapav3,lmT9rpapav3,lmT9rpapav3,,,,,,,,,,,,
barrel_ar_t9damage01,,barmixarT9damage,arT9damage,barmixarT9damage,,,,,,,,,,,,,
barrel_sm_t9burst01,,smT9burstv2,,,,,,,,,,,,,,,
slide_pi_t9burst,,,barlongpiT9burst,barlongpiT9burst,,,piT9burst,,,,,,,,,,
front_lm_t9slowfire,,lmT9slowfire,,,,,,,,,,,,,,,
front_sn_t9quickscope,,,snT9quickscope,,,,,,,,,,,,,,
front_sm_t9standard,,smT9standard,,smT9standardv4,,smT9standardv4,smT9standard,smT9standard,,,,,,,,,
front_sn_t9standard,,,,snT9standard,snT9standard,snT9standard,snT9standard,,,,,,,,,,
mixbarrel_sh_t9semiauto02,,shT9semiauto,,,,,,,,,,,,,,,
heavy_pi_t9burst02,,piT9burst,,,,,,,,,,,,,,,
front_sm_t9heavy,,smT9heavy,smT9heavy,,smT9heavyv5,,,,,,,,,,,,
barrel_sn_t9standard02,,snT9standard,,,,,,,,,,,,,,,
front_ar_t9damage,,,arT9damagev3,,,arT9damage,,arT9damage,,,arT9damage,,,,,,
barrel_sm_t9heavy02,,barshortsmT9heavy,,,,,,,,,,,,,,,
barrel_pi_t9revolver01,,barlongpiT9revolver,,,,,,,,,,,,,,,
mixbarrel_pi_t9burst01,,barlongpiT9burst,barlongpiT9burst,,,,,,,,,,,,,,
barrel_pi_t9semiauto02,,barlongpiT9semiauto,barmixpiT9semiauto,,,,,,,,,,,,,,
heavy_pi_t9semiauto02,,piT9semiauto,,,,,,,,,,,,,,,
heavy_pi_t9semiauto01,,piT9semiauto,,,,,,,,,,,,,,,
heavy_lm_t9slowfire02,,lmT9slowfire,,,,,,,,,,,,,,,
mixbarrel_sh_t9semiauto01,,,,shT9semiauto,,,,,,,,,,,,,
mixbarrel_sm_t9heavy01,,barshortsmT9heavy,,,,,,,,,,,,,,,
barrel_sm_t9heavy01,,smT9heavy,,,,,,,,,,,,,,,
barrel_sn_t9powersemi02,,snT9powersemi,,,,,,,,,,,,,,,
mixbarrel_sm_t9powerburst01,,barshortsmT9powerburst,,,,,,,,,,,,,,,
heavy_sm_t9powerburst01,,barmixsmT9powerburst,,,,,,,,,,,,,,,
front_sm_t9powerburst,,,,barlonglongsmT9powerburst,,,,,,,,,,,,,
optic_scope3x_sm_t9powerburst,,smT9powerburst1,smT9powerburst1,smT9powerburst1,,,,,,,,,,,,,
